-- MySQL dump 10.13  Distrib 8.0.44, for Linux (x86_64)
--
-- Host: yamabiko.proxy.rlwy.net    Database: railway
-- ------------------------------------------------------
-- Server version	9.4.0

/*!40101 SET @OLD_CHARACTER_SET_CLIENT=@@CHARACTER_SET_CLIENT */;
/*!40101 SET @OLD_CHARACTER_SET_RESULTS=@@CHARACTER_SET_RESULTS */;
/*!40101 SET @OLD_COLLATION_CONNECTION=@@COLLATION_CONNECTION */;
/*!50503 SET NAMES utf8mb4 */;
/*!40103 SET @OLD_TIME_ZONE=@@TIME_ZONE */;
/*!40103 SET TIME_ZONE='+00:00' */;
/*!40014 SET @OLD_UNIQUE_CHECKS=@@UNIQUE_CHECKS, UNIQUE_CHECKS=0 */;
/*!40014 SET @OLD_FOREIGN_KEY_CHECKS=@@FOREIGN_KEY_CHECKS, FOREIGN_KEY_CHECKS=0 */;
/*!40101 SET @OLD_SQL_MODE=@@SQL_MODE, SQL_MODE='NO_AUTO_VALUE_ON_ZERO' */;
/*!40111 SET @OLD_SQL_NOTES=@@SQL_NOTES, SQL_NOTES=0 */;

--
-- Table structure for table `ad_views`
--

DROP TABLE IF EXISTS `ad_views`;
/*!40101 SET @saved_cs_client     = @@character_set_client */;
/*!50503 SET character_set_client = utf8mb4 */;
CREATE TABLE `ad_views` (
  `id` bigint unsigned NOT NULL AUTO_INCREMENT,
  `advertisement_id` bigint unsigned NOT NULL,
  `date` date NOT NULL,
  `views` int unsigned NOT NULL DEFAULT '0',
  `created_at` timestamp NULL DEFAULT NULL,
  `updated_at` timestamp NULL DEFAULT NULL,
  PRIMARY KEY (`id`),
  UNIQUE KEY `ad_views_advertisement_id_date_unique` (`advertisement_id`,`date`),
  CONSTRAINT `ad_views_advertisement_id_foreign` FOREIGN KEY (`advertisement_id`) REFERENCES `advertisements` (`id`) ON DELETE CASCADE
) ENGINE=InnoDB AUTO_INCREMENT=28 DEFAULT CHARSET=utf8mb4 COLLATE=utf8mb4_unicode_ci;
/*!40101 SET character_set_client = @saved_cs_client */;

--
-- Dumping data for table `ad_views`
--

LOCK TABLES `ad_views` WRITE;
/*!40000 ALTER TABLE `ad_views` DISABLE KEYS */;
INSERT INTO `ad_views` VALUES (22,109,'2025-11-15',3,NULL,NULL),(23,108,'2025-11-15',1,NULL,NULL),(24,109,'2025-11-16',2,NULL,NULL),(25,112,'2025-11-16',1,NULL,NULL),(26,111,'2025-11-16',1,NULL,NULL),(27,109,'2025-11-17',1,NULL,NULL);
/*!40000 ALTER TABLE `ad_views` ENABLE KEYS */;
UNLOCK TABLES;

--
-- Table structure for table `advertisements`
--

DROP TABLE IF EXISTS `advertisements`;
/*!40101 SET @saved_cs_client     = @@character_set_client */;
/*!50503 SET character_set_client = utf8mb4 */;
CREATE TABLE `advertisements` (
  `id` bigint unsigned NOT NULL AUTO_INCREMENT,
  `title` varchar(255) CHARACTER SET utf8mb4 COLLATE utf8mb4_unicode_ci NOT NULL,
  `created_at` timestamp NULL DEFAULT NULL,
  `updated_at` timestamp NULL DEFAULT NULL,
  `owner_id` bigint unsigned NOT NULL,
  `price` decimal(10,2) DEFAULT NULL,
  `description` text CHARACTER SET utf8mb4 COLLATE utf8mb4_unicode_ci,
  `transaction_type` enum('بيع','أجار','استثمار') CHARACTER SET utf8mb4 COLLATE utf8mb4_unicode_ci NOT NULL,
  `ad_status` enum('فعال','قيد المراجعة','مباع','مؤجر') CHARACTER SET utf8mb4 COLLATE utf8mb4_unicode_ci NOT NULL DEFAULT 'قيد المراجعة',
  `city` varchar(255) CHARACTER SET utf8mb4 COLLATE utf8mb4_unicode_ci NOT NULL,
  `governorate` varchar(255) CHARACTER SET utf8mb4 COLLATE utf8mb4_unicode_ci DEFAULT NULL,
  `geo_location` varchar(255) CHARACTER SET utf8mb4 COLLATE utf8mb4_unicode_ci NOT NULL,
  `views_count` bigint unsigned NOT NULL DEFAULT '0',
  PRIMARY KEY (`id`),
  KEY `advertisements_owner_id_foreign` (`owner_id`),
  KEY `advertisements_geo_location_index` (`geo_location`),
  KEY `adv_created_at_idx` (`created_at`),
  CONSTRAINT `advertisements_owner_id_foreign` FOREIGN KEY (`owner_id`) REFERENCES `users` (`id`) ON DELETE CASCADE
) ENGINE=InnoDB AUTO_INCREMENT=114 DEFAULT CHARSET=utf8mb4 COLLATE=utf8mb4_unicode_ci;
/*!40101 SET character_set_client = @saved_cs_client */;

--
-- Dumping data for table `advertisements`
--

LOCK TABLES `advertisements` WRITE;
/*!40000 ALTER TABLE `advertisements` DISABLE KEYS */;
INSERT INTO `advertisements` VALUES (39,'kia cerato 2022','2025-10-19 05:44:51','2025-10-19 05:44:51',1,0.00,NULL,'بيع','فعال','hama',NULL,'Syria',0),(40,'kia hundai 2022','2025-10-19 05:49:07','2025-10-19 05:49:07',1,0.00,NULL,'بيع','فعال','asa',NULL,'Syria',0),(58,'vsadv','2025-10-20 08:31:29','2025-10-20 08:31:29',1,214.00,'sdv','بيع','قيد المراجعة','vsdva','دمشق','Syria',0),(59,'sv','2025-10-20 10:34:19','2025-10-20 10:34:19',1,NULL,NULL,'بيع','قيد المراجعة','vsadv','دمشق','Syria',0),(60,'sdkjf','2025-10-20 11:46:35','2025-10-20 11:46:35',1,235.00,NULL,'بيع','قيد المراجعة','vsdv','دمشق','Syria',0),(61,'savs','2025-10-20 12:52:30','2025-10-20 12:52:30',1,2342.00,'sadva','بيع','قيد المراجعة','vsadv','دمشق','Syria',0),(62,'ASTON MARTINLagonda1992','2025-10-21 17:37:57','2025-11-03 09:01:28',1,15.00,NULL,'بيع','فعال','vssa','جازان','Syria',0),(63,'vsvds','2025-10-21 17:38:39','2025-10-21 17:38:39',1,23523.00,NULL,'بيع','قيد المراجعة','vsddv','الرياض','Syria',0),(75,'شقة فخمة في حي بستان السعادة','2025-11-03 07:07:00','2025-11-03 07:18:49',1,60000.00,'اطلالة مميزة على الزقاق جانب القلعة','أجار','فعال','حماة','حماة','Syria',0),(76,'فيلا في البرناوي','2025-11-03 07:09:42','2025-11-03 07:18:49',1,30000000.00,NULL,'استثمار','فعال','حماة','حماة','Syria',0),(77,'شقة في حي البياضة','2025-11-03 07:13:50','2025-11-03 07:18:49',1,325000.00,'كرمال عاطف نزلنا 25 الف دولار','بيع','فعال','حمص','حمص','Syria',0),(78,'مزرعة للاستثمار','2025-11-03 07:16:43','2025-11-03 07:18:46',1,3000000.00,NULL,'استثمار','فعال','دمشق','دمشق','Syria',0),(79,'محل ممتاز للبيع','2025-11-03 07:18:20','2025-11-03 07:18:41',1,50000.00,'المحل جانب مركز خدمة المواطن','بيع','فعال','دمشق','دمشق','Syria',0),(107,'BMW 323i 1999','2025-11-10 13:36:37','2025-11-12 19:57:26',1,0.00,NULL,'بيع','فعال','sgs','دمشق','Syria',0),(108,'sbgsd','2025-11-10 14:07:35','2025-11-15 18:57:26',1,NULL,NULL,'بيع','فعال','svkns','دمشق','Syria',1),(109,'BENTLEY Bentayga 2022','2025-11-12 20:04:25','2025-11-17 15:06:28',1,0.00,NULL,'بيع','فعال','al dahia','دمشق','Syria',6),(111,'اول شقة على الجوال','2025-11-15 19:15:13','2025-11-16 16:57:05',10,NULL,NULL,'بيع','فعال','المدينة','حماة','Syria',1),(112,'test for admin','2025-11-16 13:22:34','2025-11-16 16:54:06',7,NULL,NULL,'بيع','فعال','حماة','دمشق','Syria',1);
/*!40000 ALTER TABLE `advertisements` ENABLE KEYS */;
UNLOCK TABLES;

--
-- Table structure for table `cache`
--

DROP TABLE IF EXISTS `cache`;
/*!40101 SET @saved_cs_client     = @@character_set_client */;
/*!50503 SET character_set_client = utf8mb4 */;
CREATE TABLE `cache` (
  `key` varchar(255) CHARACTER SET utf8mb4 COLLATE utf8mb4_unicode_ci NOT NULL,
  `value` mediumtext CHARACTER SET utf8mb4 COLLATE utf8mb4_unicode_ci NOT NULL,
  `expiration` int NOT NULL,
  PRIMARY KEY (`key`)
) ENGINE=InnoDB DEFAULT CHARSET=utf8mb4 COLLATE=utf8mb4_unicode_ci;
/*!40101 SET character_set_client = @saved_cs_client */;

--
-- Dumping data for table `cache`
--

LOCK TABLES `cache` WRITE;
/*!40000 ALTER TABLE `cache` DISABLE KEYS */;
/*!40000 ALTER TABLE `cache` ENABLE KEYS */;
UNLOCK TABLES;

--
-- Table structure for table `cache_locks`
--

DROP TABLE IF EXISTS `cache_locks`;
/*!40101 SET @saved_cs_client     = @@character_set_client */;
/*!50503 SET character_set_client = utf8mb4 */;
CREATE TABLE `cache_locks` (
  `key` varchar(255) CHARACTER SET utf8mb4 COLLATE utf8mb4_unicode_ci NOT NULL,
  `owner` varchar(255) CHARACTER SET utf8mb4 COLLATE utf8mb4_unicode_ci NOT NULL,
  `expiration` int NOT NULL,
  PRIMARY KEY (`key`)
) ENGINE=InnoDB DEFAULT CHARSET=utf8mb4 COLLATE=utf8mb4_unicode_ci;
/*!40101 SET character_set_client = @saved_cs_client */;

--
-- Dumping data for table `cache_locks`
--

LOCK TABLES `cache_locks` WRITE;
/*!40000 ALTER TABLE `cache_locks` DISABLE KEYS */;
/*!40000 ALTER TABLE `cache_locks` ENABLE KEYS */;
UNLOCK TABLES;

--
-- Table structure for table `car_ad_images`
--

DROP TABLE IF EXISTS `car_ad_images`;
/*!40101 SET @saved_cs_client     = @@character_set_client */;
/*!50503 SET character_set_client = utf8mb4 */;
CREATE TABLE `car_ad_images` (
  `id` bigint unsigned NOT NULL AUTO_INCREMENT,
  `created_at` timestamp NULL DEFAULT NULL,
  `updated_at` timestamp NULL DEFAULT NULL,
  `car_ad_id` bigint unsigned NOT NULL,
  `image_url` varchar(255) CHARACTER SET utf8mb4 COLLATE utf8mb4_unicode_ci NOT NULL,
  PRIMARY KEY (`id`),
  KEY `car_ad_images_car_ad_id_foreign` (`car_ad_id`),
  CONSTRAINT `car_ad_images_car_ad_id_foreign` FOREIGN KEY (`car_ad_id`) REFERENCES `car_ads` (`id`) ON DELETE CASCADE
) ENGINE=InnoDB AUTO_INCREMENT=30 DEFAULT CHARSET=utf8mb4 COLLATE=utf8mb4_unicode_ci;
/*!40101 SET character_set_client = @saved_cs_client */;

--
-- Dumping data for table `car_ad_images`
--

LOCK TABLES `car_ad_images` WRITE;
/*!40000 ALTER TABLE `car_ad_images` DISABLE KEYS */;
INSERT INTO `car_ad_images` VALUES (5,'2025-10-19 05:44:51','2025-10-19 05:44:51',8,'images/cars/1wgN1H6piDtFUDaRlqptp1HuyRm82WIU0E72FwAN.png'),(6,'2025-10-19 05:44:51','2025-10-19 05:44:51',8,'images/cars/sxMa1tLPC1UTMYGX76D738UuC38hFVOtSx5He3lM.png'),(7,'2025-10-19 05:44:51','2025-10-19 05:44:51',8,'images/cars/tYp0LyGkHg2HfTVq75bbBeyjFgYVZRrlQUsbmwF9.png'),(8,'2025-10-19 05:44:51','2025-10-19 05:44:51',8,'images/cars/ipVcFCYE1iLrZY4nHzdjUbqbs4kKXGREXxFsRS0R.png'),(9,'2025-10-19 05:49:07','2025-10-19 05:49:07',9,'images/cars/QNFfRFr6495PnnNqff1242Y4f0aQM6kxaHA2KJDD.png'),(10,'2025-10-19 05:49:07','2025-10-19 05:49:07',9,'images/cars/OFcXjk9gbWUggjiKcVbZC6U7hnNXvLKj43GXqAZi.png'),(11,'2025-10-19 05:49:07','2025-10-19 05:49:07',9,'images/cars/eazmiUOlI8OAer8NmE1WHCw6M8ftjEENdXi8drAg.png'),(12,'2025-10-19 05:49:07','2025-10-19 05:49:07',9,'images/cars/evnNw6HNimhN9OME2F31V30dOwfQgFDnYcuZYGP2.png'),(13,'2025-10-21 17:37:57','2025-10-21 17:37:57',10,'images/cars/h88u7IuuE36p5ef37HECGB7Km4H4V5pum8b6h8IN.png'),(14,'2025-10-21 17:37:57','2025-10-21 17:37:57',10,'images/cars/HLGIsbOdldmCjwMdz5jAM5CbgEAQHzw97Netcw2P.png'),(15,'2025-10-21 17:37:57','2025-10-21 17:37:57',10,'images/cars/kEPhSdayfypTzy9sspdk03vtjsFrcgK7TzjJnikd.png'),(16,'2025-10-21 17:37:57','2025-10-21 17:37:57',10,'images/cars/jJzbNJivqAqdaXEt3H4q19Zrd8U4oWoycqYObeHm.png'),(17,'2025-10-21 17:37:57','2025-10-21 17:37:57',10,'images/cars/4GXsCTIrQ2gIyRMp9Rwbkn9BOJazCNwJslbwkuTu.png'),(22,'2025-11-10 13:36:42','2025-11-10 13:36:42',20,'images/cars/20/e1nxzkmlifvbvxpioph5'),(23,'2025-11-10 13:36:44','2025-11-10 13:36:44',20,'images/cars/20/zdhsubo77hsrmpov59le'),(24,'2025-11-10 13:36:46','2025-11-10 13:36:46',20,'images/cars/20/jibwuz552oglznhaamho'),(25,'2025-11-10 13:37:19','2025-11-10 13:37:19',20,'images/cars/20/v4q4ppcu3u60auw99pgd'),(26,'2025-11-12 20:04:28','2025-11-12 20:04:28',21,'images/cars/21/hoshh9ljmxqzi5mtxggg'),(27,'2025-11-12 20:04:30','2025-11-12 20:04:30',21,'images/cars/21/xyzyxrnaxuppmuzcd4lf'),(28,'2025-11-12 20:04:32','2025-11-12 20:04:32',21,'images/cars/21/cwofyrsyeoxkymjsmapw'),(29,'2025-11-12 20:04:34','2025-11-12 20:04:34',21,'images/cars/21/a3v53igysmyrwbgpusx8');
/*!40000 ALTER TABLE `car_ad_images` ENABLE KEYS */;
UNLOCK TABLES;

--
-- Table structure for table `car_ads`
--

DROP TABLE IF EXISTS `car_ads`;
/*!40101 SET @saved_cs_client     = @@character_set_client */;
/*!50503 SET character_set_client = utf8mb4 */;
CREATE TABLE `car_ads` (
  `id` bigint unsigned NOT NULL AUTO_INCREMENT,
  `created_at` timestamp NULL DEFAULT NULL,
  `updated_at` timestamp NULL DEFAULT NULL,
  `ads_id` bigint unsigned NOT NULL,
  `manufacturer` varchar(255) CHARACTER SET utf8mb4 COLLATE utf8mb4_unicode_ci NOT NULL,
  `model` varchar(255) CHARACTER SET utf8mb4 COLLATE utf8mb4_unicode_ci NOT NULL,
  `model_year` year NOT NULL,
  `condition` enum('جديدة','مستعملة','متضررة') CHARACTER SET utf8mb4 COLLATE utf8mb4_unicode_ci NOT NULL DEFAULT 'مستعملة',
  `gear` enum('عادي','أوتوماتيك','الإثنان معا') CHARACTER SET utf8mb4 COLLATE utf8mb4_unicode_ci NOT NULL,
  `fuel_type` enum('بنزين','ديزل','كهرباء','هايبرد') CHARACTER SET utf8mb4 COLLATE utf8mb4_unicode_ci NOT NULL DEFAULT 'بنزين',
  `distance_traveled` bigint unsigned NOT NULL,
  `negotiable_check` tinyint(1) NOT NULL DEFAULT '0',
  PRIMARY KEY (`id`),
  UNIQUE KEY `car_ads_ads_id_unique` (`ads_id`),
  CONSTRAINT `car_ads_ads_id_foreign` FOREIGN KEY (`ads_id`) REFERENCES `advertisements` (`id`) ON DELETE CASCADE
) ENGINE=InnoDB AUTO_INCREMENT=22 DEFAULT CHARSET=utf8mb4 COLLATE=utf8mb4_unicode_ci;
/*!40101 SET character_set_client = @saved_cs_client */;

--
-- Dumping data for table `car_ads`
--

LOCK TABLES `car_ads` WRITE;
/*!40000 ALTER TABLE `car_ads` DISABLE KEYS */;
INSERT INTO `car_ads` VALUES (8,'2025-10-19 05:44:51','2025-10-19 05:44:51',39,'kia','cerato',2022,'مستعملة','أوتوماتيك','بنزين',10000,0),(9,'2025-10-19 05:49:07','2025-10-19 05:49:07',40,'kia','hundai',2022,'مستعملة','أوتوماتيك','بنزين',10000,0),(10,'2025-10-21 17:37:57','2025-11-03 09:01:28',62,'ASTON MARTIN','Lagonda',1992,'متضررة','أوتوماتيك','بنزين',2345,0),(20,'2025-11-10 13:36:39','2025-11-10 13:36:39',107,'BMW','323i',1999,'مستعملة','أوتوماتيك','بنزين',346436,0),(21,'2025-11-12 20:04:27','2025-11-12 20:04:27',109,'BENTLEY','Bentayga',2022,'مستعملة','أوتوماتيك','بنزين',651651,0);
/*!40000 ALTER TABLE `car_ads` ENABLE KEYS */;
UNLOCK TABLES;

--
-- Table structure for table `daily_ad_counts`
--

DROP TABLE IF EXISTS `daily_ad_counts`;
/*!40101 SET @saved_cs_client     = @@character_set_client */;
/*!50503 SET character_set_client = utf8mb4 */;
CREATE TABLE `daily_ad_counts` (
  `id` bigint unsigned NOT NULL AUTO_INCREMENT,
  `date` date NOT NULL,
  `ad_count` int unsigned NOT NULL DEFAULT '0',
  `created_at` timestamp NULL DEFAULT NULL,
  `updated_at` timestamp NULL DEFAULT NULL,
  PRIMARY KEY (`id`),
  UNIQUE KEY `daily_ad_counts_date_unique` (`date`)
) ENGINE=InnoDB AUTO_INCREMENT=30 DEFAULT CHARSET=utf8mb4 COLLATE=utf8mb4_unicode_ci;
/*!40101 SET character_set_client = @saved_cs_client */;

--
-- Dumping data for table `daily_ad_counts`
--

LOCK TABLES `daily_ad_counts` WRITE;
/*!40000 ALTER TABLE `daily_ad_counts` DISABLE KEYS */;
INSERT INTO `daily_ad_counts` VALUES (1,'2025-10-23',0,'2025-10-24 11:51:21','2025-11-03 06:20:59'),(2,'2025-10-17',0,'2025-10-24 12:00:54','2025-10-24 12:00:54'),(3,'2025-10-18',0,'2025-10-24 12:01:19','2025-10-24 12:01:19'),(4,'2025-10-19',2,'2025-10-24 12:01:24','2025-10-24 12:01:24'),(5,'2025-10-20',4,'2025-10-24 12:01:28','2025-10-24 12:01:28'),(6,'2025-10-21',2,'2025-10-24 12:01:33','2025-10-24 12:01:33'),(7,'2025-10-22',0,'2025-10-24 12:01:37','2025-10-24 12:01:37'),(9,'2025-10-24',1,'2025-10-24 13:08:35','2025-10-24 13:08:35'),(10,'2025-10-25',0,'2025-10-25 11:47:21','2025-11-03 06:55:33'),(11,'2025-11-03',5,'2025-11-03 07:07:00','2025-11-03 07:18:20'),(12,'2025-11-05',0,'2025-11-05 15:47:48','2025-11-05 16:45:24'),(13,'2025-11-07',0,'2025-11-07 12:15:53','2025-11-07 15:14:29'),(26,'2025-11-10',2,'2025-11-10 13:36:38','2025-11-10 14:07:36'),(27,'2025-11-12',1,'2025-11-12 20:04:26','2025-11-12 20:04:26'),(28,'2025-11-15',1,'2025-11-15 14:19:36','2025-11-16 13:21:22'),(29,'2025-11-16',1,'2025-11-16 13:22:35','2025-11-16 13:22:36');
/*!40000 ALTER TABLE `daily_ad_counts` ENABLE KEYS */;
UNLOCK TABLES;

--
-- Table structure for table `failed_jobs`
--

DROP TABLE IF EXISTS `failed_jobs`;
/*!40101 SET @saved_cs_client     = @@character_set_client */;
/*!50503 SET character_set_client = utf8mb4 */;
CREATE TABLE `failed_jobs` (
  `id` bigint unsigned NOT NULL AUTO_INCREMENT,
  `uuid` varchar(255) CHARACTER SET utf8mb4 COLLATE utf8mb4_unicode_ci NOT NULL,
  `connection` text CHARACTER SET utf8mb4 COLLATE utf8mb4_unicode_ci NOT NULL,
  `queue` text CHARACTER SET utf8mb4 COLLATE utf8mb4_unicode_ci NOT NULL,
  `payload` longtext CHARACTER SET utf8mb4 COLLATE utf8mb4_unicode_ci NOT NULL,
  `exception` longtext CHARACTER SET utf8mb4 COLLATE utf8mb4_unicode_ci NOT NULL,
  `failed_at` timestamp NOT NULL DEFAULT CURRENT_TIMESTAMP,
  PRIMARY KEY (`id`),
  UNIQUE KEY `failed_jobs_uuid_unique` (`uuid`)
) ENGINE=InnoDB AUTO_INCREMENT=9 DEFAULT CHARSET=utf8mb4 COLLATE=utf8mb4_unicode_ci;
/*!40101 SET character_set_client = @saved_cs_client */;

--
-- Dumping data for table `failed_jobs`
--

LOCK TABLES `failed_jobs` WRITE;
/*!40000 ALTER TABLE `failed_jobs` DISABLE KEYS */;
INSERT INTO `failed_jobs` VALUES (1,'2f0cfbf3-52f7-47ac-8b4f-42f97da1a48a','database','default','{\"uuid\":\"2f0cfbf3-52f7-47ac-8b4f-42f97da1a48a\",\"displayName\":\"App\\\\Jobs\\\\ProcessVideoJob\",\"job\":\"Illuminate\\\\Queue\\\\CallQueuedHandler@call\",\"maxTries\":3,\"maxExceptions\":null,\"failOnTimeout\":false,\"backoff\":null,\"timeout\":null,\"retryUntil\":null,\"data\":{\"commandName\":\"App\\\\Jobs\\\\ProcessVideoJob\",\"command\":\"O:24:\\\"App\\\\Jobs\\\\ProcessVideoJob\\\":2:{s:9:\\\"videoPath\\\";s:74:\\\"videos\\/real-estate\\/originals\\/nW6ucTOPoOBNV0yYSohg1W0Kh6qCM9vBo7JqD6cM.webm\\\";s:4:\\\"adId\\\";i:27;}\"},\"createdAt\":1760537183,\"delay\":null}','Illuminate\\Queue\\TimeoutExceededException: App\\Jobs\\ProcessVideoJob has timed out. in /home/abdalrahman/codes/laravel/BazaarWeb/src/backend/vendor/laravel/framework/src/Illuminate/Queue/TimeoutExceededException.php:15\nStack trace:\n#0 /home/abdalrahman/codes/laravel/BazaarWeb/src/backend/vendor/laravel/framework/src/Illuminate/Queue/Worker.php(828): Illuminate\\Queue\\TimeoutExceededException::forJob()\n#1 /home/abdalrahman/codes/laravel/BazaarWeb/src/backend/vendor/laravel/framework/src/Illuminate/Queue/Worker.php(228): Illuminate\\Queue\\Worker->timeoutExceededException()\n#2 /home/abdalrahman/codes/laravel/BazaarWeb/src/backend/vendor/symfony/process/Pipes/AbstractPipes.php(184): Illuminate\\Queue\\Worker->Illuminate\\Queue\\{closure}()\n#3 [internal function]: Symfony\\Component\\Process\\Pipes\\AbstractPipes->handleError()\n#4 /home/abdalrahman/codes/laravel/BazaarWeb/src/backend/vendor/symfony/process/Pipes/UnixPipes.php(100): stream_select()\n#5 /home/abdalrahman/codes/laravel/BazaarWeb/src/backend/vendor/symfony/process/Process.php(1406): Symfony\\Component\\Process\\Pipes\\UnixPipes->readAndWrite()\n#6 /home/abdalrahman/codes/laravel/BazaarWeb/src/backend/vendor/symfony/process/Process.php(452): Symfony\\Component\\Process\\Process->readPipes()\n#7 /home/abdalrahman/codes/laravel/BazaarWeb/src/backend/vendor/symfony/process/Process.php(251): Symfony\\Component\\Process\\Process->wait()\n#8 /home/abdalrahman/codes/laravel/BazaarWeb/src/backend/vendor/php-ffmpeg/php-ffmpeg/src/Alchemy/BinaryDriver/ProcessRunner.php(64): Symfony\\Component\\Process\\Process->run()\n#9 /home/abdalrahman/codes/laravel/BazaarWeb/src/backend/vendor/php-ffmpeg/php-ffmpeg/src/Alchemy/BinaryDriver/AbstractBinary.php(207): Alchemy\\BinaryDriver\\ProcessRunner->run()\n#10 /home/abdalrahman/codes/laravel/BazaarWeb/src/backend/vendor/php-ffmpeg/php-ffmpeg/src/Alchemy/BinaryDriver/AbstractBinary.php(136): Alchemy\\BinaryDriver\\AbstractBinary->run()\n#11 /home/abdalrahman/codes/laravel/BazaarWeb/src/backend/vendor/php-ffmpeg/php-ffmpeg/src/FFMpeg/Media/AdvancedMedia.php(241): Alchemy\\BinaryDriver\\AbstractBinary->command()\n#12 /home/abdalrahman/codes/laravel/BazaarWeb/src/backend/vendor/laravel/framework/src/Illuminate/Support/Traits/ForwardsCalls.php(23): FFMpeg\\Media\\AdvancedMedia->save()\n#13 /home/abdalrahman/codes/laravel/BazaarWeb/src/backend/vendor/pbmedia/laravel-ffmpeg/src/Drivers/PHPFFMpeg.php(255): ProtoneMedia\\LaravelFFMpeg\\Drivers\\PHPFFMpeg->forwardCallTo()\n#14 /home/abdalrahman/codes/laravel/BazaarWeb/src/backend/vendor/pbmedia/laravel-ffmpeg/src/Exporters/MediaExporter.php(263): ProtoneMedia\\LaravelFFMpeg\\Drivers\\PHPFFMpeg->__call()\n#15 /home/abdalrahman/codes/laravel/BazaarWeb/src/backend/vendor/pbmedia/laravel-ffmpeg/src/Exporters/MediaExporter.php(205): ProtoneMedia\\LaravelFFMpeg\\Exporters\\MediaExporter->saveWithMappings()\n#16 /home/abdalrahman/codes/laravel/BazaarWeb/src/backend/vendor/pbmedia/laravel-ffmpeg/src/Exporters/HLSExporter.php(288): ProtoneMedia\\LaravelFFMpeg\\Exporters\\MediaExporter->save()\n#17 /home/abdalrahman/codes/laravel/BazaarWeb/src/backend/vendor/laravel/framework/src/Illuminate/Collections/Traits/EnumeratesValues.php(780): ProtoneMedia\\LaravelFFMpeg\\Exporters\\HLSExporter->ProtoneMedia\\LaravelFFMpeg\\Exporters\\{closure}()\n#18 /home/abdalrahman/codes/laravel/BazaarWeb/src/backend/vendor/pbmedia/laravel-ffmpeg/src/Exporters/HLSExporter.php(287): Illuminate\\Support\\Collection->pipe()\n#19 /home/abdalrahman/codes/laravel/BazaarWeb/src/backend/app/Jobs/ProcessVideoJob.php(169): ProtoneMedia\\LaravelFFMpeg\\Exporters\\HLSExporter->save()\n#20 /home/abdalrahman/codes/laravel/BazaarWeb/src/backend/vendor/laravel/framework/src/Illuminate/Container/BoundMethod.php(36): App\\Jobs\\ProcessVideoJob->handle()\n#21 /home/abdalrahman/codes/laravel/BazaarWeb/src/backend/vendor/laravel/framework/src/Illuminate/Container/Util.php(43): Illuminate\\Container\\BoundMethod::Illuminate\\Container\\{closure}()\n#22 /home/abdalrahman/codes/laravel/BazaarWeb/src/backend/vendor/laravel/framework/src/Illuminate/Container/BoundMethod.php(96): Illuminate\\Container\\Util::unwrapIfClosure()\n#23 /home/abdalrahman/codes/laravel/BazaarWeb/src/backend/vendor/laravel/framework/src/Illuminate/Container/BoundMethod.php(35): Illuminate\\Container\\BoundMethod::callBoundMethod()\n#24 /home/abdalrahman/codes/laravel/BazaarWeb/src/backend/vendor/laravel/framework/src/Illuminate/Container/Container.php(836): Illuminate\\Container\\BoundMethod::call()\n#25 /home/abdalrahman/codes/laravel/BazaarWeb/src/backend/vendor/laravel/framework/src/Illuminate/Bus/Dispatcher.php(132): Illuminate\\Container\\Container->call()\n#26 /home/abdalrahman/codes/laravel/BazaarWeb/src/backend/vendor/laravel/framework/src/Illuminate/Pipeline/Pipeline.php(180): Illuminate\\Bus\\Dispatcher->Illuminate\\Bus\\{closure}()\n#27 /home/abdalrahman/codes/laravel/BazaarWeb/src/backend/vendor/laravel/framework/src/Illuminate/Pipeline/Pipeline.php(137): Illuminate\\Pipeline\\Pipeline->Illuminate\\Pipeline\\{closure}()\n#28 /home/abdalrahman/codes/laravel/BazaarWeb/src/backend/vendor/laravel/framework/src/Illuminate/Bus/Dispatcher.php(136): Illuminate\\Pipeline\\Pipeline->then()\n#29 /home/abdalrahman/codes/laravel/BazaarWeb/src/backend/vendor/laravel/framework/src/Illuminate/Queue/CallQueuedHandler.php(134): Illuminate\\Bus\\Dispatcher->dispatchNow()\n#30 /home/abdalrahman/codes/laravel/BazaarWeb/src/backend/vendor/laravel/framework/src/Illuminate/Pipeline/Pipeline.php(180): Illuminate\\Queue\\CallQueuedHandler->Illuminate\\Queue\\{closure}()\n#31 /home/abdalrahman/codes/laravel/BazaarWeb/src/backend/vendor/laravel/framework/src/Illuminate/Pipeline/Pipeline.php(137): Illuminate\\Pipeline\\Pipeline->Illuminate\\Pipeline\\{closure}()\n#32 /home/abdalrahman/codes/laravel/BazaarWeb/src/backend/vendor/laravel/framework/src/Illuminate/Queue/CallQueuedHandler.php(127): Illuminate\\Pipeline\\Pipeline->then()\n#33 /home/abdalrahman/codes/laravel/BazaarWeb/src/backend/vendor/laravel/framework/src/Illuminate/Queue/CallQueuedHandler.php(68): Illuminate\\Queue\\CallQueuedHandler->dispatchThroughMiddleware()\n#34 /home/abdalrahman/codes/laravel/BazaarWeb/src/backend/vendor/laravel/framework/src/Illuminate/Queue/Jobs/Job.php(102): Illuminate\\Queue\\CallQueuedHandler->call()\n#35 /home/abdalrahman/codes/laravel/BazaarWeb/src/backend/vendor/laravel/framework/src/Illuminate/Queue/Worker.php(451): Illuminate\\Queue\\Jobs\\Job->fire()\n#36 /home/abdalrahman/codes/laravel/BazaarWeb/src/backend/vendor/laravel/framework/src/Illuminate/Queue/Worker.php(401): Illuminate\\Queue\\Worker->process()\n#37 /home/abdalrahman/codes/laravel/BazaarWeb/src/backend/vendor/laravel/framework/src/Illuminate/Queue/Worker.php(187): Illuminate\\Queue\\Worker->runJob()\n#38 /home/abdalrahman/codes/laravel/BazaarWeb/src/backend/vendor/laravel/framework/src/Illuminate/Queue/Console/WorkCommand.php(148): Illuminate\\Queue\\Worker->daemon()\n#39 /home/abdalrahman/codes/laravel/BazaarWeb/src/backend/vendor/laravel/framework/src/Illuminate/Queue/Console/WorkCommand.php(131): Illuminate\\Queue\\Console\\WorkCommand->runWorker()\n#40 /home/abdalrahman/codes/laravel/BazaarWeb/src/backend/vendor/laravel/framework/src/Illuminate/Container/BoundMethod.php(36): Illuminate\\Queue\\Console\\WorkCommand->handle()\n#41 /home/abdalrahman/codes/laravel/BazaarWeb/src/backend/vendor/laravel/framework/src/Illuminate/Container/Util.php(43): Illuminate\\Container\\BoundMethod::Illuminate\\Container\\{closure}()\n#42 /home/abdalrahman/codes/laravel/BazaarWeb/src/backend/vendor/laravel/framework/src/Illuminate/Container/BoundMethod.php(96): Illuminate\\Container\\Util::unwrapIfClosure()\n#43 /home/abdalrahman/codes/laravel/BazaarWeb/src/backend/vendor/laravel/framework/src/Illuminate/Container/BoundMethod.php(35): Illuminate\\Container\\BoundMethod::callBoundMethod()\n#44 /home/abdalrahman/codes/laravel/BazaarWeb/src/backend/vendor/laravel/framework/src/Illuminate/Container/Container.php(836): Illuminate\\Container\\BoundMethod::call()\n#45 /home/abdalrahman/codes/laravel/BazaarWeb/src/backend/vendor/laravel/framework/src/Illuminate/Console/Command.php(211): Illuminate\\Container\\Container->call()\n#46 /home/abdalrahman/codes/laravel/BazaarWeb/src/backend/vendor/symfony/console/Command/Command.php(318): Illuminate\\Console\\Command->execute()\n#47 /home/abdalrahman/codes/laravel/BazaarWeb/src/backend/vendor/laravel/framework/src/Illuminate/Console/Command.php(180): Symfony\\Component\\Console\\Command\\Command->run()\n#48 /home/abdalrahman/codes/laravel/BazaarWeb/src/backend/vendor/symfony/console/Application.php(1110): Illuminate\\Console\\Command->run()\n#49 /home/abdalrahman/codes/laravel/BazaarWeb/src/backend/vendor/symfony/console/Application.php(359): Symfony\\Component\\Console\\Application->doRunCommand()\n#50 /home/abdalrahman/codes/laravel/BazaarWeb/src/backend/vendor/symfony/console/Application.php(194): Symfony\\Component\\Console\\Application->doRun()\n#51 /home/abdalrahman/codes/laravel/BazaarWeb/src/backend/vendor/laravel/framework/src/Illuminate/Foundation/Console/Kernel.php(197): Symfony\\Component\\Console\\Application->run()\n#52 /home/abdalrahman/codes/laravel/BazaarWeb/src/backend/vendor/laravel/framework/src/Illuminate/Foundation/Application.php(1235): Illuminate\\Foundation\\Console\\Kernel->handle()\n#53 /home/abdalrahman/codes/laravel/BazaarWeb/src/backend/artisan(16): Illuminate\\Foundation\\Application->handleCommand()\n#54 {main}','2025-10-16 01:28:38'),(2,'825ee78d-4dac-4d3c-85f6-92c99a2a165a','database','default','{\"uuid\":\"825ee78d-4dac-4d3c-85f6-92c99a2a165a\",\"displayName\":\"App\\\\Notifications\\\\VerifyEmailWithOtp\",\"job\":\"Illuminate\\\\Queue\\\\CallQueuedHandler@call\",\"maxTries\":null,\"maxExceptions\":null,\"failOnTimeout\":false,\"backoff\":null,\"timeout\":null,\"retryUntil\":null,\"data\":{\"commandName\":\"Illuminate\\\\Notifications\\\\SendQueuedNotifications\",\"command\":\"O:48:\\\"Illuminate\\\\Notifications\\\\SendQueuedNotifications\\\":3:{s:11:\\\"notifiables\\\";O:45:\\\"Illuminate\\\\Contracts\\\\Database\\\\ModelIdentifier\\\":5:{s:5:\\\"class\\\";s:15:\\\"App\\\\Models\\\\User\\\";s:2:\\\"id\\\";a:1:{i:0;i:7;}s:9:\\\"relations\\\";a:0:{}s:10:\\\"connection\\\";s:5:\\\"mysql\\\";s:15:\\\"collectionClass\\\";N;}s:12:\\\"notification\\\";O:36:\\\"App\\\\Notifications\\\\VerifyEmailWithOtp\\\":2:{s:16:\\\"verificationCode\\\";s:6:\\\"740854\\\";s:2:\\\"id\\\";s:36:\\\"b26c4f39-86cb-43df-bd7b-3dd3f6935853\\\";}s:8:\\\"channels\\\";a:1:{i:0;s:4:\\\"mail\\\";}}\"},\"createdAt\":1761325601,\"delay\":null}','Illuminate\\Queue\\TimeoutExceededException: App\\Notifications\\VerifyEmailWithOtp has timed out. in /home/abdalrahman/codes/laravel/BazaarWeb/src/backend/vendor/laravel/framework/src/Illuminate/Queue/TimeoutExceededException.php:15\nStack trace:\n#0 /home/abdalrahman/codes/laravel/BazaarWeb/src/backend/vendor/laravel/framework/src/Illuminate/Queue/Worker.php(828): Illuminate\\Queue\\TimeoutExceededException::forJob()\n#1 /home/abdalrahman/codes/laravel/BazaarWeb/src/backend/vendor/laravel/framework/src/Illuminate/Queue/Worker.php(228): Illuminate\\Queue\\Worker->timeoutExceededException()\n#2 /home/abdalrahman/codes/laravel/BazaarWeb/src/backend/vendor/symfony/mailer/Transport/Smtp/Stream/AbstractStream.php(82): Illuminate\\Queue\\Worker->Illuminate\\Queue\\{closure}()\n#3 /home/abdalrahman/codes/laravel/BazaarWeb/src/backend/vendor/symfony/mailer/Transport/Smtp/SmtpTransport.php(350): Symfony\\Component\\Mailer\\Transport\\Smtp\\Stream\\AbstractStream->readLine()\n#4 /home/abdalrahman/codes/laravel/BazaarWeb/src/backend/vendor/symfony/mailer/Transport/Smtp/SmtpTransport.php(197): Symfony\\Component\\Mailer\\Transport\\Smtp\\SmtpTransport->getFullResponse()\n#5 /home/abdalrahman/codes/laravel/BazaarWeb/src/backend/vendor/symfony/mailer/Transport/Smtp/EsmtpTransport.php(150): Symfony\\Component\\Mailer\\Transport\\Smtp\\SmtpTransport->executeCommand()\n#6 /home/abdalrahman/codes/laravel/BazaarWeb/src/backend/vendor/symfony/mailer/Transport/Smtp/SmtpTransport.php(320): Symfony\\Component\\Mailer\\Transport\\Smtp\\EsmtpTransport->executeCommand()\n#7 /home/abdalrahman/codes/laravel/BazaarWeb/src/backend/vendor/symfony/mailer/Transport/Smtp/SmtpTransport.php(206): Symfony\\Component\\Mailer\\Transport\\Smtp\\SmtpTransport->ping()\n#8 /home/abdalrahman/codes/laravel/BazaarWeb/src/backend/vendor/symfony/mailer/Transport/AbstractTransport.php(69): Symfony\\Component\\Mailer\\Transport\\Smtp\\SmtpTransport->doSend()\n#9 /home/abdalrahman/codes/laravel/BazaarWeb/src/backend/vendor/symfony/mailer/Transport/Smtp/SmtpTransport.php(138): Symfony\\Component\\Mailer\\Transport\\AbstractTransport->send()\n#10 /home/abdalrahman/codes/laravel/BazaarWeb/src/backend/vendor/laravel/framework/src/Illuminate/Mail/Mailer.php(584): Symfony\\Component\\Mailer\\Transport\\Smtp\\SmtpTransport->send()\n#11 /home/abdalrahman/codes/laravel/BazaarWeb/src/backend/vendor/laravel/framework/src/Illuminate/Mail/Mailer.php(331): Illuminate\\Mail\\Mailer->sendSymfonyMessage()\n#12 /home/abdalrahman/codes/laravel/BazaarWeb/src/backend/vendor/laravel/framework/src/Illuminate/Notifications/Channels/MailChannel.php(66): Illuminate\\Mail\\Mailer->send()\n#13 /home/abdalrahman/codes/laravel/BazaarWeb/src/backend/vendor/laravel/framework/src/Illuminate/Notifications/NotificationSender.php(163): Illuminate\\Notifications\\Channels\\MailChannel->send()\n#14 /home/abdalrahman/codes/laravel/BazaarWeb/src/backend/vendor/laravel/framework/src/Illuminate/Notifications/NotificationSender.php(118): Illuminate\\Notifications\\NotificationSender->sendToNotifiable()\n#15 /home/abdalrahman/codes/laravel/BazaarWeb/src/backend/vendor/laravel/framework/src/Illuminate/Support/Traits/Localizable.php(19): Illuminate\\Notifications\\NotificationSender->Illuminate\\Notifications\\{closure}()\n#16 /home/abdalrahman/codes/laravel/BazaarWeb/src/backend/vendor/laravel/framework/src/Illuminate/Notifications/NotificationSender.php(113): Illuminate\\Notifications\\NotificationSender->withLocale()\n#17 /home/abdalrahman/codes/laravel/BazaarWeb/src/backend/vendor/laravel/framework/src/Illuminate/Notifications/ChannelManager.php(54): Illuminate\\Notifications\\NotificationSender->sendNow()\n#18 /home/abdalrahman/codes/laravel/BazaarWeb/src/backend/vendor/laravel/framework/src/Illuminate/Notifications/SendQueuedNotifications.php(118): Illuminate\\Notifications\\ChannelManager->sendNow()\n#19 /home/abdalrahman/codes/laravel/BazaarWeb/src/backend/vendor/laravel/framework/src/Illuminate/Container/BoundMethod.php(36): Illuminate\\Notifications\\SendQueuedNotifications->handle()\n#20 /home/abdalrahman/codes/laravel/BazaarWeb/src/backend/vendor/laravel/framework/src/Illuminate/Container/Util.php(43): Illuminate\\Container\\BoundMethod::Illuminate\\Container\\{closure}()\n#21 /home/abdalrahman/codes/laravel/BazaarWeb/src/backend/vendor/laravel/framework/src/Illuminate/Container/BoundMethod.php(96): Illuminate\\Container\\Util::unwrapIfClosure()\n#22 /home/abdalrahman/codes/laravel/BazaarWeb/src/backend/vendor/laravel/framework/src/Illuminate/Container/BoundMethod.php(35): Illuminate\\Container\\BoundMethod::callBoundMethod()\n#23 /home/abdalrahman/codes/laravel/BazaarWeb/src/backend/vendor/laravel/framework/src/Illuminate/Container/Container.php(836): Illuminate\\Container\\BoundMethod::call()\n#24 /home/abdalrahman/codes/laravel/BazaarWeb/src/backend/vendor/laravel/framework/src/Illuminate/Bus/Dispatcher.php(132): Illuminate\\Container\\Container->call()\n#25 /home/abdalrahman/codes/laravel/BazaarWeb/src/backend/vendor/laravel/framework/src/Illuminate/Pipeline/Pipeline.php(180): Illuminate\\Bus\\Dispatcher->Illuminate\\Bus\\{closure}()\n#26 /home/abdalrahman/codes/laravel/BazaarWeb/src/backend/vendor/laravel/framework/src/Illuminate/Pipeline/Pipeline.php(137): Illuminate\\Pipeline\\Pipeline->Illuminate\\Pipeline\\{closure}()\n#27 /home/abdalrahman/codes/laravel/BazaarWeb/src/backend/vendor/laravel/framework/src/Illuminate/Bus/Dispatcher.php(136): Illuminate\\Pipeline\\Pipeline->then()\n#28 /home/abdalrahman/codes/laravel/BazaarWeb/src/backend/vendor/laravel/framework/src/Illuminate/Queue/CallQueuedHandler.php(134): Illuminate\\Bus\\Dispatcher->dispatchNow()\n#29 /home/abdalrahman/codes/laravel/BazaarWeb/src/backend/vendor/laravel/framework/src/Illuminate/Pipeline/Pipeline.php(180): Illuminate\\Queue\\CallQueuedHandler->Illuminate\\Queue\\{closure}()\n#30 /home/abdalrahman/codes/laravel/BazaarWeb/src/backend/vendor/laravel/framework/src/Illuminate/Pipeline/Pipeline.php(137): Illuminate\\Pipeline\\Pipeline->Illuminate\\Pipeline\\{closure}()\n#31 /home/abdalrahman/codes/laravel/BazaarWeb/src/backend/vendor/laravel/framework/src/Illuminate/Queue/CallQueuedHandler.php(127): Illuminate\\Pipeline\\Pipeline->then()\n#32 /home/abdalrahman/codes/laravel/BazaarWeb/src/backend/vendor/laravel/framework/src/Illuminate/Queue/CallQueuedHandler.php(68): Illuminate\\Queue\\CallQueuedHandler->dispatchThroughMiddleware()\n#33 /home/abdalrahman/codes/laravel/BazaarWeb/src/backend/vendor/laravel/framework/src/Illuminate/Queue/Jobs/Job.php(102): Illuminate\\Queue\\CallQueuedHandler->call()\n#34 /home/abdalrahman/codes/laravel/BazaarWeb/src/backend/vendor/laravel/framework/src/Illuminate/Queue/Worker.php(451): Illuminate\\Queue\\Jobs\\Job->fire()\n#35 /home/abdalrahman/codes/laravel/BazaarWeb/src/backend/vendor/laravel/framework/src/Illuminate/Queue/Worker.php(401): Illuminate\\Queue\\Worker->process()\n#36 /home/abdalrahman/codes/laravel/BazaarWeb/src/backend/vendor/laravel/framework/src/Illuminate/Queue/Worker.php(187): Illuminate\\Queue\\Worker->runJob()\n#37 /home/abdalrahman/codes/laravel/BazaarWeb/src/backend/vendor/laravel/framework/src/Illuminate/Queue/Console/WorkCommand.php(148): Illuminate\\Queue\\Worker->daemon()\n#38 /home/abdalrahman/codes/laravel/BazaarWeb/src/backend/vendor/laravel/framework/src/Illuminate/Queue/Console/WorkCommand.php(131): Illuminate\\Queue\\Console\\WorkCommand->runWorker()\n#39 /home/abdalrahman/codes/laravel/BazaarWeb/src/backend/vendor/laravel/framework/src/Illuminate/Container/BoundMethod.php(36): Illuminate\\Queue\\Console\\WorkCommand->handle()\n#40 /home/abdalrahman/codes/laravel/BazaarWeb/src/backend/vendor/laravel/framework/src/Illuminate/Container/Util.php(43): Illuminate\\Container\\BoundMethod::Illuminate\\Container\\{closure}()\n#41 /home/abdalrahman/codes/laravel/BazaarWeb/src/backend/vendor/laravel/framework/src/Illuminate/Container/BoundMethod.php(96): Illuminate\\Container\\Util::unwrapIfClosure()\n#42 /home/abdalrahman/codes/laravel/BazaarWeb/src/backend/vendor/laravel/framework/src/Illuminate/Container/BoundMethod.php(35): Illuminate\\Container\\BoundMethod::callBoundMethod()\n#43 /home/abdalrahman/codes/laravel/BazaarWeb/src/backend/vendor/laravel/framework/src/Illuminate/Container/Container.php(836): Illuminate\\Container\\BoundMethod::call()\n#44 /home/abdalrahman/codes/laravel/BazaarWeb/src/backend/vendor/laravel/framework/src/Illuminate/Console/Command.php(211): Illuminate\\Container\\Container->call()\n#45 /home/abdalrahman/codes/laravel/BazaarWeb/src/backend/vendor/symfony/console/Command/Command.php(318): Illuminate\\Console\\Command->execute()\n#46 /home/abdalrahman/codes/laravel/BazaarWeb/src/backend/vendor/laravel/framework/src/Illuminate/Console/Command.php(180): Symfony\\Component\\Console\\Command\\Command->run()\n#47 /home/abdalrahman/codes/laravel/BazaarWeb/src/backend/vendor/symfony/console/Application.php(1110): Illuminate\\Console\\Command->run()\n#48 /home/abdalrahman/codes/laravel/BazaarWeb/src/backend/vendor/symfony/console/Application.php(359): Symfony\\Component\\Console\\Application->doRunCommand()\n#49 /home/abdalrahman/codes/laravel/BazaarWeb/src/backend/vendor/symfony/console/Application.php(194): Symfony\\Component\\Console\\Application->doRun()\n#50 /home/abdalrahman/codes/laravel/BazaarWeb/src/backend/vendor/laravel/framework/src/Illuminate/Foundation/Console/Kernel.php(197): Symfony\\Component\\Console\\Application->run()\n#51 /home/abdalrahman/codes/laravel/BazaarWeb/src/backend/vendor/laravel/framework/src/Illuminate/Foundation/Application.php(1235): Illuminate\\Foundation\\Console\\Kernel->handle()\n#52 /home/abdalrahman/codes/laravel/BazaarWeb/src/backend/artisan(16): Illuminate\\Foundation\\Application->handleCommand()\n#53 {main}','2025-10-24 14:07:44'),(3,'da6eff16-a195-40cd-a830-606abffcd3c3','database','default','{\"uuid\":\"da6eff16-a195-40cd-a830-606abffcd3c3\",\"displayName\":\"App\\\\Notifications\\\\VerifyEmailWithOtp\",\"job\":\"Illuminate\\\\Queue\\\\CallQueuedHandler@call\",\"maxTries\":null,\"maxExceptions\":null,\"failOnTimeout\":false,\"backoff\":null,\"timeout\":null,\"retryUntil\":null,\"data\":{\"commandName\":\"Illuminate\\\\Notifications\\\\SendQueuedNotifications\",\"command\":\"O:48:\\\"Illuminate\\\\Notifications\\\\SendQueuedNotifications\\\":3:{s:11:\\\"notifiables\\\";O:45:\\\"Illuminate\\\\Contracts\\\\Database\\\\ModelIdentifier\\\":5:{s:5:\\\"class\\\";s:15:\\\"App\\\\Models\\\\User\\\";s:2:\\\"id\\\";a:1:{i:0;i:8;}s:9:\\\"relations\\\";a:0:{}s:10:\\\"connection\\\";s:5:\\\"mysql\\\";s:15:\\\"collectionClass\\\";N;}s:12:\\\"notification\\\";O:36:\\\"App\\\\Notifications\\\\VerifyEmailWithOtp\\\":2:{s:16:\\\"verificationCode\\\";s:6:\\\"171618\\\";s:2:\\\"id\\\";s:36:\\\"35070f9e-06a8-4440-a940-1d48bfa18a8a\\\";}s:8:\\\"channels\\\";a:1:{i:0;s:4:\\\"mail\\\";}}\"},\"createdAt\":1761410617,\"delay\":null}','Illuminate\\Queue\\TimeoutExceededException: App\\Notifications\\VerifyEmailWithOtp has timed out. in /home/abdalrahman/codes/laravel/BazaarWeb/src/backend/vendor/laravel/framework/src/Illuminate/Queue/TimeoutExceededException.php:15\nStack trace:\n#0 /home/abdalrahman/codes/laravel/BazaarWeb/src/backend/vendor/laravel/framework/src/Illuminate/Queue/Worker.php(828): Illuminate\\Queue\\TimeoutExceededException::forJob()\n#1 /home/abdalrahman/codes/laravel/BazaarWeb/src/backend/vendor/laravel/framework/src/Illuminate/Queue/Worker.php(228): Illuminate\\Queue\\Worker->timeoutExceededException()\n#2 /home/abdalrahman/codes/laravel/BazaarWeb/src/backend/vendor/symfony/mailer/Transport/Smtp/Stream/AbstractStream.php(82): Illuminate\\Queue\\Worker->Illuminate\\Queue\\{closure}()\n#3 /home/abdalrahman/codes/laravel/BazaarWeb/src/backend/vendor/symfony/mailer/Transport/Smtp/SmtpTransport.php(350): Symfony\\Component\\Mailer\\Transport\\Smtp\\Stream\\AbstractStream->readLine()\n#4 /home/abdalrahman/codes/laravel/BazaarWeb/src/backend/vendor/symfony/mailer/Transport/Smtp/SmtpTransport.php(197): Symfony\\Component\\Mailer\\Transport\\Smtp\\SmtpTransport->getFullResponse()\n#5 /home/abdalrahman/codes/laravel/BazaarWeb/src/backend/vendor/symfony/mailer/Transport/Smtp/EsmtpTransport.php(150): Symfony\\Component\\Mailer\\Transport\\Smtp\\SmtpTransport->executeCommand()\n#6 /home/abdalrahman/codes/laravel/BazaarWeb/src/backend/vendor/symfony/mailer/Transport/Smtp/SmtpTransport.php(320): Symfony\\Component\\Mailer\\Transport\\Smtp\\EsmtpTransport->executeCommand()\n#7 /home/abdalrahman/codes/laravel/BazaarWeb/src/backend/vendor/symfony/mailer/Transport/Smtp/SmtpTransport.php(206): Symfony\\Component\\Mailer\\Transport\\Smtp\\SmtpTransport->ping()\n#8 /home/abdalrahman/codes/laravel/BazaarWeb/src/backend/vendor/symfony/mailer/Transport/AbstractTransport.php(69): Symfony\\Component\\Mailer\\Transport\\Smtp\\SmtpTransport->doSend()\n#9 /home/abdalrahman/codes/laravel/BazaarWeb/src/backend/vendor/symfony/mailer/Transport/Smtp/SmtpTransport.php(138): Symfony\\Component\\Mailer\\Transport\\AbstractTransport->send()\n#10 /home/abdalrahman/codes/laravel/BazaarWeb/src/backend/vendor/laravel/framework/src/Illuminate/Mail/Mailer.php(584): Symfony\\Component\\Mailer\\Transport\\Smtp\\SmtpTransport->send()\n#11 /home/abdalrahman/codes/laravel/BazaarWeb/src/backend/vendor/laravel/framework/src/Illuminate/Mail/Mailer.php(331): Illuminate\\Mail\\Mailer->sendSymfonyMessage()\n#12 /home/abdalrahman/codes/laravel/BazaarWeb/src/backend/vendor/laravel/framework/src/Illuminate/Notifications/Channels/MailChannel.php(66): Illuminate\\Mail\\Mailer->send()\n#13 /home/abdalrahman/codes/laravel/BazaarWeb/src/backend/vendor/laravel/framework/src/Illuminate/Notifications/NotificationSender.php(163): Illuminate\\Notifications\\Channels\\MailChannel->send()\n#14 /home/abdalrahman/codes/laravel/BazaarWeb/src/backend/vendor/laravel/framework/src/Illuminate/Notifications/NotificationSender.php(118): Illuminate\\Notifications\\NotificationSender->sendToNotifiable()\n#15 /home/abdalrahman/codes/laravel/BazaarWeb/src/backend/vendor/laravel/framework/src/Illuminate/Support/Traits/Localizable.php(19): Illuminate\\Notifications\\NotificationSender->Illuminate\\Notifications\\{closure}()\n#16 /home/abdalrahman/codes/laravel/BazaarWeb/src/backend/vendor/laravel/framework/src/Illuminate/Notifications/NotificationSender.php(113): Illuminate\\Notifications\\NotificationSender->withLocale()\n#17 /home/abdalrahman/codes/laravel/BazaarWeb/src/backend/vendor/laravel/framework/src/Illuminate/Notifications/ChannelManager.php(54): Illuminate\\Notifications\\NotificationSender->sendNow()\n#18 /home/abdalrahman/codes/laravel/BazaarWeb/src/backend/vendor/laravel/framework/src/Illuminate/Notifications/SendQueuedNotifications.php(118): Illuminate\\Notifications\\ChannelManager->sendNow()\n#19 /home/abdalrahman/codes/laravel/BazaarWeb/src/backend/vendor/laravel/framework/src/Illuminate/Container/BoundMethod.php(36): Illuminate\\Notifications\\SendQueuedNotifications->handle()\n#20 /home/abdalrahman/codes/laravel/BazaarWeb/src/backend/vendor/laravel/framework/src/Illuminate/Container/Util.php(43): Illuminate\\Container\\BoundMethod::Illuminate\\Container\\{closure}()\n#21 /home/abdalrahman/codes/laravel/BazaarWeb/src/backend/vendor/laravel/framework/src/Illuminate/Container/BoundMethod.php(96): Illuminate\\Container\\Util::unwrapIfClosure()\n#22 /home/abdalrahman/codes/laravel/BazaarWeb/src/backend/vendor/laravel/framework/src/Illuminate/Container/BoundMethod.php(35): Illuminate\\Container\\BoundMethod::callBoundMethod()\n#23 /home/abdalrahman/codes/laravel/BazaarWeb/src/backend/vendor/laravel/framework/src/Illuminate/Container/Container.php(836): Illuminate\\Container\\BoundMethod::call()\n#24 /home/abdalrahman/codes/laravel/BazaarWeb/src/backend/vendor/laravel/framework/src/Illuminate/Bus/Dispatcher.php(132): Illuminate\\Container\\Container->call()\n#25 /home/abdalrahman/codes/laravel/BazaarWeb/src/backend/vendor/laravel/framework/src/Illuminate/Pipeline/Pipeline.php(180): Illuminate\\Bus\\Dispatcher->Illuminate\\Bus\\{closure}()\n#26 /home/abdalrahman/codes/laravel/BazaarWeb/src/backend/vendor/laravel/framework/src/Illuminate/Pipeline/Pipeline.php(137): Illuminate\\Pipeline\\Pipeline->Illuminate\\Pipeline\\{closure}()\n#27 /home/abdalrahman/codes/laravel/BazaarWeb/src/backend/vendor/laravel/framework/src/Illuminate/Bus/Dispatcher.php(136): Illuminate\\Pipeline\\Pipeline->then()\n#28 /home/abdalrahman/codes/laravel/BazaarWeb/src/backend/vendor/laravel/framework/src/Illuminate/Queue/CallQueuedHandler.php(134): Illuminate\\Bus\\Dispatcher->dispatchNow()\n#29 /home/abdalrahman/codes/laravel/BazaarWeb/src/backend/vendor/laravel/framework/src/Illuminate/Pipeline/Pipeline.php(180): Illuminate\\Queue\\CallQueuedHandler->Illuminate\\Queue\\{closure}()\n#30 /home/abdalrahman/codes/laravel/BazaarWeb/src/backend/vendor/laravel/framework/src/Illuminate/Pipeline/Pipeline.php(137): Illuminate\\Pipeline\\Pipeline->Illuminate\\Pipeline\\{closure}()\n#31 /home/abdalrahman/codes/laravel/BazaarWeb/src/backend/vendor/laravel/framework/src/Illuminate/Queue/CallQueuedHandler.php(127): Illuminate\\Pipeline\\Pipeline->then()\n#32 /home/abdalrahman/codes/laravel/BazaarWeb/src/backend/vendor/laravel/framework/src/Illuminate/Queue/CallQueuedHandler.php(68): Illuminate\\Queue\\CallQueuedHandler->dispatchThroughMiddleware()\n#33 /home/abdalrahman/codes/laravel/BazaarWeb/src/backend/vendor/laravel/framework/src/Illuminate/Queue/Jobs/Job.php(102): Illuminate\\Queue\\CallQueuedHandler->call()\n#34 /home/abdalrahman/codes/laravel/BazaarWeb/src/backend/vendor/laravel/framework/src/Illuminate/Queue/Worker.php(451): Illuminate\\Queue\\Jobs\\Job->fire()\n#35 /home/abdalrahman/codes/laravel/BazaarWeb/src/backend/vendor/laravel/framework/src/Illuminate/Queue/Worker.php(401): Illuminate\\Queue\\Worker->process()\n#36 /home/abdalrahman/codes/laravel/BazaarWeb/src/backend/vendor/laravel/framework/src/Illuminate/Queue/Worker.php(187): Illuminate\\Queue\\Worker->runJob()\n#37 /home/abdalrahman/codes/laravel/BazaarWeb/src/backend/vendor/laravel/framework/src/Illuminate/Queue/Console/WorkCommand.php(148): Illuminate\\Queue\\Worker->daemon()\n#38 /home/abdalrahman/codes/laravel/BazaarWeb/src/backend/vendor/laravel/framework/src/Illuminate/Queue/Console/WorkCommand.php(131): Illuminate\\Queue\\Console\\WorkCommand->runWorker()\n#39 /home/abdalrahman/codes/laravel/BazaarWeb/src/backend/vendor/laravel/framework/src/Illuminate/Container/BoundMethod.php(36): Illuminate\\Queue\\Console\\WorkCommand->handle()\n#40 /home/abdalrahman/codes/laravel/BazaarWeb/src/backend/vendor/laravel/framework/src/Illuminate/Container/Util.php(43): Illuminate\\Container\\BoundMethod::Illuminate\\Container\\{closure}()\n#41 /home/abdalrahman/codes/laravel/BazaarWeb/src/backend/vendor/laravel/framework/src/Illuminate/Container/BoundMethod.php(96): Illuminate\\Container\\Util::unwrapIfClosure()\n#42 /home/abdalrahman/codes/laravel/BazaarWeb/src/backend/vendor/laravel/framework/src/Illuminate/Container/BoundMethod.php(35): Illuminate\\Container\\BoundMethod::callBoundMethod()\n#43 /home/abdalrahman/codes/laravel/BazaarWeb/src/backend/vendor/laravel/framework/src/Illuminate/Container/Container.php(836): Illuminate\\Container\\BoundMethod::call()\n#44 /home/abdalrahman/codes/laravel/BazaarWeb/src/backend/vendor/laravel/framework/src/Illuminate/Console/Command.php(211): Illuminate\\Container\\Container->call()\n#45 /home/abdalrahman/codes/laravel/BazaarWeb/src/backend/vendor/symfony/console/Command/Command.php(318): Illuminate\\Console\\Command->execute()\n#46 /home/abdalrahman/codes/laravel/BazaarWeb/src/backend/vendor/laravel/framework/src/Illuminate/Console/Command.php(180): Symfony\\Component\\Console\\Command\\Command->run()\n#47 /home/abdalrahman/codes/laravel/BazaarWeb/src/backend/vendor/symfony/console/Application.php(1110): Illuminate\\Console\\Command->run()\n#48 /home/abdalrahman/codes/laravel/BazaarWeb/src/backend/vendor/symfony/console/Application.php(359): Symfony\\Component\\Console\\Application->doRunCommand()\n#49 /home/abdalrahman/codes/laravel/BazaarWeb/src/backend/vendor/symfony/console/Application.php(194): Symfony\\Component\\Console\\Application->doRun()\n#50 /home/abdalrahman/codes/laravel/BazaarWeb/src/backend/vendor/laravel/framework/src/Illuminate/Foundation/Console/Kernel.php(197): Symfony\\Component\\Console\\Application->run()\n#51 /home/abdalrahman/codes/laravel/BazaarWeb/src/backend/vendor/laravel/framework/src/Illuminate/Foundation/Application.php(1235): Illuminate\\Foundation\\Console\\Kernel->handle()\n#52 /home/abdalrahman/codes/laravel/BazaarWeb/src/backend/artisan(16): Illuminate\\Foundation\\Application->handleCommand()\n#53 {main}','2025-10-25 13:44:39'),(4,'1c8a0dd0-43ea-4697-aaf0-2fae6092eaec','database','default','{\"uuid\":\"1c8a0dd0-43ea-4697-aaf0-2fae6092eaec\",\"displayName\":\"App\\\\Jobs\\\\ProcessVideoJob\",\"job\":\"Illuminate\\\\Queue\\\\CallQueuedHandler@call\",\"maxTries\":3,\"maxExceptions\":null,\"failOnTimeout\":false,\"backoff\":null,\"timeout\":600,\"retryUntil\":null,\"data\":{\"commandName\":\"App\\\\Jobs\\\\ProcessVideoJob\",\"command\":\"O:24:\\\"App\\\\Jobs\\\\ProcessVideoJob\\\":2:{s:9:\\\"videoPath\\\";s:73:\\\"videos\\/real-estate\\/originals\\/8gsprfZIoc0eHmZu49vwH54ti8KkuvWKzWqmAUGG.mp4\\\";s:4:\\\"adId\\\";i:87;}\"},\"createdAt\":1762536251,\"delay\":null}','Error: Typed property App\\Jobs\\ProcessVideoJob::$disk must not be accessed before initialization in /home/abdalrahman/codes/laravel/BazaarWeb/src/backend/app/Jobs/ProcessVideoJob.php:47\nStack trace:\n#0 /home/abdalrahman/codes/laravel/BazaarWeb/src/backend/vendor/laravel/framework/src/Illuminate/Container/BoundMethod.php(36): App\\Jobs\\ProcessVideoJob->handle()\n#1 /home/abdalrahman/codes/laravel/BazaarWeb/src/backend/vendor/laravel/framework/src/Illuminate/Container/Util.php(43): Illuminate\\Container\\BoundMethod::Illuminate\\Container\\{closure}()\n#2 /home/abdalrahman/codes/laravel/BazaarWeb/src/backend/vendor/laravel/framework/src/Illuminate/Container/BoundMethod.php(96): Illuminate\\Container\\Util::unwrapIfClosure()\n#3 /home/abdalrahman/codes/laravel/BazaarWeb/src/backend/vendor/laravel/framework/src/Illuminate/Container/BoundMethod.php(35): Illuminate\\Container\\BoundMethod::callBoundMethod()\n#4 /home/abdalrahman/codes/laravel/BazaarWeb/src/backend/vendor/laravel/framework/src/Illuminate/Container/Container.php(836): Illuminate\\Container\\BoundMethod::call()\n#5 /home/abdalrahman/codes/laravel/BazaarWeb/src/backend/vendor/laravel/framework/src/Illuminate/Bus/Dispatcher.php(129): Illuminate\\Container\\Container->call()\n#6 /home/abdalrahman/codes/laravel/BazaarWeb/src/backend/vendor/laravel/framework/src/Illuminate/Pipeline/Pipeline.php(180): Illuminate\\Bus\\Dispatcher->Illuminate\\Bus\\{closure}()\n#7 /home/abdalrahman/codes/laravel/BazaarWeb/src/backend/vendor/laravel/framework/src/Illuminate/Pipeline/Pipeline.php(137): Illuminate\\Pipeline\\Pipeline->Illuminate\\Pipeline\\{closure}()\n#8 /home/abdalrahman/codes/laravel/BazaarWeb/src/backend/vendor/laravel/framework/src/Illuminate/Bus/Dispatcher.php(133): Illuminate\\Pipeline\\Pipeline->then()\n#9 /home/abdalrahman/codes/laravel/BazaarWeb/src/backend/vendor/laravel/framework/src/Illuminate/Queue/CallQueuedHandler.php(134): Illuminate\\Bus\\Dispatcher->dispatchNow()\n#10 /home/abdalrahman/codes/laravel/BazaarWeb/src/backend/vendor/laravel/framework/src/Illuminate/Pipeline/Pipeline.php(180): Illuminate\\Queue\\CallQueuedHandler->Illuminate\\Queue\\{closure}()\n#11 /home/abdalrahman/codes/laravel/BazaarWeb/src/backend/vendor/laravel/framework/src/Illuminate/Pipeline/Pipeline.php(137): Illuminate\\Pipeline\\Pipeline->Illuminate\\Pipeline\\{closure}()\n#12 /home/abdalrahman/codes/laravel/BazaarWeb/src/backend/vendor/laravel/framework/src/Illuminate/Queue/CallQueuedHandler.php(127): Illuminate\\Pipeline\\Pipeline->then()\n#13 /home/abdalrahman/codes/laravel/BazaarWeb/src/backend/vendor/laravel/framework/src/Illuminate/Queue/CallQueuedHandler.php(68): Illuminate\\Queue\\CallQueuedHandler->dispatchThroughMiddleware()\n#14 /home/abdalrahman/codes/laravel/BazaarWeb/src/backend/vendor/laravel/framework/src/Illuminate/Queue/Jobs/Job.php(102): Illuminate\\Queue\\CallQueuedHandler->call()\n#15 /home/abdalrahman/codes/laravel/BazaarWeb/src/backend/vendor/laravel/framework/src/Illuminate/Queue/Worker.php(451): Illuminate\\Queue\\Jobs\\Job->fire()\n#16 /home/abdalrahman/codes/laravel/BazaarWeb/src/backend/vendor/laravel/framework/src/Illuminate/Queue/Worker.php(401): Illuminate\\Queue\\Worker->process()\n#17 /home/abdalrahman/codes/laravel/BazaarWeb/src/backend/vendor/laravel/framework/src/Illuminate/Queue/Worker.php(187): Illuminate\\Queue\\Worker->runJob()\n#18 /home/abdalrahman/codes/laravel/BazaarWeb/src/backend/vendor/laravel/framework/src/Illuminate/Queue/Console/WorkCommand.php(148): Illuminate\\Queue\\Worker->daemon()\n#19 /home/abdalrahman/codes/laravel/BazaarWeb/src/backend/vendor/laravel/framework/src/Illuminate/Queue/Console/WorkCommand.php(131): Illuminate\\Queue\\Console\\WorkCommand->runWorker()\n#20 /home/abdalrahman/codes/laravel/BazaarWeb/src/backend/vendor/laravel/framework/src/Illuminate/Container/BoundMethod.php(36): Illuminate\\Queue\\Console\\WorkCommand->handle()\n#21 /home/abdalrahman/codes/laravel/BazaarWeb/src/backend/vendor/laravel/framework/src/Illuminate/Container/Util.php(43): Illuminate\\Container\\BoundMethod::Illuminate\\Container\\{closure}()\n#22 /home/abdalrahman/codes/laravel/BazaarWeb/src/backend/vendor/laravel/framework/src/Illuminate/Container/BoundMethod.php(96): Illuminate\\Container\\Util::unwrapIfClosure()\n#23 /home/abdalrahman/codes/laravel/BazaarWeb/src/backend/vendor/laravel/framework/src/Illuminate/Container/BoundMethod.php(35): Illuminate\\Container\\BoundMethod::callBoundMethod()\n#24 /home/abdalrahman/codes/laravel/BazaarWeb/src/backend/vendor/laravel/framework/src/Illuminate/Container/Container.php(836): Illuminate\\Container\\BoundMethod::call()\n#25 /home/abdalrahman/codes/laravel/BazaarWeb/src/backend/vendor/laravel/framework/src/Illuminate/Console/Command.php(211): Illuminate\\Container\\Container->call()\n#26 /home/abdalrahman/codes/laravel/BazaarWeb/src/backend/vendor/symfony/console/Command/Command.php(318): Illuminate\\Console\\Command->execute()\n#27 /home/abdalrahman/codes/laravel/BazaarWeb/src/backend/vendor/laravel/framework/src/Illuminate/Console/Command.php(180): Symfony\\Component\\Console\\Command\\Command->run()\n#28 /home/abdalrahman/codes/laravel/BazaarWeb/src/backend/vendor/symfony/console/Application.php(1073): Illuminate\\Console\\Command->run()\n#29 /home/abdalrahman/codes/laravel/BazaarWeb/src/backend/vendor/symfony/console/Application.php(356): Symfony\\Component\\Console\\Application->doRunCommand()\n#30 /home/abdalrahman/codes/laravel/BazaarWeb/src/backend/vendor/symfony/console/Application.php(195): Symfony\\Component\\Console\\Application->doRun()\n#31 /home/abdalrahman/codes/laravel/BazaarWeb/src/backend/vendor/laravel/framework/src/Illuminate/Foundation/Console/Kernel.php(197): Symfony\\Component\\Console\\Application->run()\n#32 /home/abdalrahman/codes/laravel/BazaarWeb/src/backend/vendor/laravel/framework/src/Illuminate/Foundation/Application.php(1235): Illuminate\\Foundation\\Console\\Kernel->handle()\n#33 /home/abdalrahman/codes/laravel/BazaarWeb/src/backend/artisan(16): Illuminate\\Foundation\\Application->handleCommand()\n#34 {main}','2025-11-07 14:24:13'),(5,'945a03c9-dd56-48ed-be2e-70566154564a','database','default','{\"uuid\":\"945a03c9-dd56-48ed-be2e-70566154564a\",\"displayName\":\"App\\\\Jobs\\\\ProcessVideoJob\",\"job\":\"Illuminate\\\\Queue\\\\CallQueuedHandler@call\",\"maxTries\":3,\"maxExceptions\":null,\"failOnTimeout\":false,\"backoff\":null,\"timeout\":600,\"retryUntil\":null,\"data\":{\"commandName\":\"App\\\\Jobs\\\\ProcessVideoJob\",\"command\":\"O:24:\\\"App\\\\Jobs\\\\ProcessVideoJob\\\":2:{s:9:\\\"videoPath\\\";s:73:\\\"videos\\/real-estate\\/originals\\/2m7KYFZiHM0WuLxKkSPrs4A99zccGOwkf0uJnGa8.mp4\\\";s:4:\\\"adId\\\";i:88;}\"},\"createdAt\":1762536284,\"delay\":null}','Error: Typed property App\\Jobs\\ProcessVideoJob::$disk must not be accessed before initialization in /home/abdalrahman/codes/laravel/BazaarWeb/src/backend/app/Jobs/ProcessVideoJob.php:47\nStack trace:\n#0 /home/abdalrahman/codes/laravel/BazaarWeb/src/backend/vendor/laravel/framework/src/Illuminate/Container/BoundMethod.php(36): App\\Jobs\\ProcessVideoJob->handle()\n#1 /home/abdalrahman/codes/laravel/BazaarWeb/src/backend/vendor/laravel/framework/src/Illuminate/Container/Util.php(43): Illuminate\\Container\\BoundMethod::Illuminate\\Container\\{closure}()\n#2 /home/abdalrahman/codes/laravel/BazaarWeb/src/backend/vendor/laravel/framework/src/Illuminate/Container/BoundMethod.php(96): Illuminate\\Container\\Util::unwrapIfClosure()\n#3 /home/abdalrahman/codes/laravel/BazaarWeb/src/backend/vendor/laravel/framework/src/Illuminate/Container/BoundMethod.php(35): Illuminate\\Container\\BoundMethod::callBoundMethod()\n#4 /home/abdalrahman/codes/laravel/BazaarWeb/src/backend/vendor/laravel/framework/src/Illuminate/Container/Container.php(836): Illuminate\\Container\\BoundMethod::call()\n#5 /home/abdalrahman/codes/laravel/BazaarWeb/src/backend/vendor/laravel/framework/src/Illuminate/Bus/Dispatcher.php(129): Illuminate\\Container\\Container->call()\n#6 /home/abdalrahman/codes/laravel/BazaarWeb/src/backend/vendor/laravel/framework/src/Illuminate/Pipeline/Pipeline.php(180): Illuminate\\Bus\\Dispatcher->Illuminate\\Bus\\{closure}()\n#7 /home/abdalrahman/codes/laravel/BazaarWeb/src/backend/vendor/laravel/framework/src/Illuminate/Pipeline/Pipeline.php(137): Illuminate\\Pipeline\\Pipeline->Illuminate\\Pipeline\\{closure}()\n#8 /home/abdalrahman/codes/laravel/BazaarWeb/src/backend/vendor/laravel/framework/src/Illuminate/Bus/Dispatcher.php(133): Illuminate\\Pipeline\\Pipeline->then()\n#9 /home/abdalrahman/codes/laravel/BazaarWeb/src/backend/vendor/laravel/framework/src/Illuminate/Queue/CallQueuedHandler.php(134): Illuminate\\Bus\\Dispatcher->dispatchNow()\n#10 /home/abdalrahman/codes/laravel/BazaarWeb/src/backend/vendor/laravel/framework/src/Illuminate/Pipeline/Pipeline.php(180): Illuminate\\Queue\\CallQueuedHandler->Illuminate\\Queue\\{closure}()\n#11 /home/abdalrahman/codes/laravel/BazaarWeb/src/backend/vendor/laravel/framework/src/Illuminate/Pipeline/Pipeline.php(137): Illuminate\\Pipeline\\Pipeline->Illuminate\\Pipeline\\{closure}()\n#12 /home/abdalrahman/codes/laravel/BazaarWeb/src/backend/vendor/laravel/framework/src/Illuminate/Queue/CallQueuedHandler.php(127): Illuminate\\Pipeline\\Pipeline->then()\n#13 /home/abdalrahman/codes/laravel/BazaarWeb/src/backend/vendor/laravel/framework/src/Illuminate/Queue/CallQueuedHandler.php(68): Illuminate\\Queue\\CallQueuedHandler->dispatchThroughMiddleware()\n#14 /home/abdalrahman/codes/laravel/BazaarWeb/src/backend/vendor/laravel/framework/src/Illuminate/Queue/Jobs/Job.php(102): Illuminate\\Queue\\CallQueuedHandler->call()\n#15 /home/abdalrahman/codes/laravel/BazaarWeb/src/backend/vendor/laravel/framework/src/Illuminate/Queue/Worker.php(451): Illuminate\\Queue\\Jobs\\Job->fire()\n#16 /home/abdalrahman/codes/laravel/BazaarWeb/src/backend/vendor/laravel/framework/src/Illuminate/Queue/Worker.php(401): Illuminate\\Queue\\Worker->process()\n#17 /home/abdalrahman/codes/laravel/BazaarWeb/src/backend/vendor/laravel/framework/src/Illuminate/Queue/Worker.php(187): Illuminate\\Queue\\Worker->runJob()\n#18 /home/abdalrahman/codes/laravel/BazaarWeb/src/backend/vendor/laravel/framework/src/Illuminate/Queue/Console/WorkCommand.php(148): Illuminate\\Queue\\Worker->daemon()\n#19 /home/abdalrahman/codes/laravel/BazaarWeb/src/backend/vendor/laravel/framework/src/Illuminate/Queue/Console/WorkCommand.php(131): Illuminate\\Queue\\Console\\WorkCommand->runWorker()\n#20 /home/abdalrahman/codes/laravel/BazaarWeb/src/backend/vendor/laravel/framework/src/Illuminate/Container/BoundMethod.php(36): Illuminate\\Queue\\Console\\WorkCommand->handle()\n#21 /home/abdalrahman/codes/laravel/BazaarWeb/src/backend/vendor/laravel/framework/src/Illuminate/Container/Util.php(43): Illuminate\\Container\\BoundMethod::Illuminate\\Container\\{closure}()\n#22 /home/abdalrahman/codes/laravel/BazaarWeb/src/backend/vendor/laravel/framework/src/Illuminate/Container/BoundMethod.php(96): Illuminate\\Container\\Util::unwrapIfClosure()\n#23 /home/abdalrahman/codes/laravel/BazaarWeb/src/backend/vendor/laravel/framework/src/Illuminate/Container/BoundMethod.php(35): Illuminate\\Container\\BoundMethod::callBoundMethod()\n#24 /home/abdalrahman/codes/laravel/BazaarWeb/src/backend/vendor/laravel/framework/src/Illuminate/Container/Container.php(836): Illuminate\\Container\\BoundMethod::call()\n#25 /home/abdalrahman/codes/laravel/BazaarWeb/src/backend/vendor/laravel/framework/src/Illuminate/Console/Command.php(211): Illuminate\\Container\\Container->call()\n#26 /home/abdalrahman/codes/laravel/BazaarWeb/src/backend/vendor/symfony/console/Command/Command.php(318): Illuminate\\Console\\Command->execute()\n#27 /home/abdalrahman/codes/laravel/BazaarWeb/src/backend/vendor/laravel/framework/src/Illuminate/Console/Command.php(180): Symfony\\Component\\Console\\Command\\Command->run()\n#28 /home/abdalrahman/codes/laravel/BazaarWeb/src/backend/vendor/symfony/console/Application.php(1073): Illuminate\\Console\\Command->run()\n#29 /home/abdalrahman/codes/laravel/BazaarWeb/src/backend/vendor/symfony/console/Application.php(356): Symfony\\Component\\Console\\Application->doRunCommand()\n#30 /home/abdalrahman/codes/laravel/BazaarWeb/src/backend/vendor/symfony/console/Application.php(195): Symfony\\Component\\Console\\Application->doRun()\n#31 /home/abdalrahman/codes/laravel/BazaarWeb/src/backend/vendor/laravel/framework/src/Illuminate/Foundation/Console/Kernel.php(197): Symfony\\Component\\Console\\Application->run()\n#32 /home/abdalrahman/codes/laravel/BazaarWeb/src/backend/vendor/laravel/framework/src/Illuminate/Foundation/Application.php(1235): Illuminate\\Foundation\\Console\\Kernel->handle()\n#33 /home/abdalrahman/codes/laravel/BazaarWeb/src/backend/artisan(16): Illuminate\\Foundation\\Application->handleCommand()\n#34 {main}','2025-11-07 14:24:47'),(6,'3035e6a1-9ad7-40be-9618-44e4f68cd602','database','default','{\"uuid\":\"3035e6a1-9ad7-40be-9618-44e4f68cd602\",\"displayName\":\"App\\\\Jobs\\\\ProcessVideoJob\",\"job\":\"Illuminate\\\\Queue\\\\CallQueuedHandler@call\",\"maxTries\":3,\"maxExceptions\":null,\"failOnTimeout\":false,\"backoff\":null,\"timeout\":600,\"retryUntil\":null,\"data\":{\"commandName\":\"App\\\\Jobs\\\\ProcessVideoJob\",\"command\":\"O:24:\\\"App\\\\Jobs\\\\ProcessVideoJob\\\":2:{s:9:\\\"videoPath\\\";s:73:\\\"videos\\/real-estate\\/originals\\/RKhwIhF4A4yB8u8kJFQuAkKTLRAhJiXVfhStEnIw.mp4\\\";s:4:\\\"adId\\\";i:89;}\"},\"createdAt\":1762536323,\"delay\":null}','Error: Typed property App\\Jobs\\ProcessVideoJob::$disk must not be accessed before initialization in /home/abdalrahman/codes/laravel/BazaarWeb/src/backend/app/Jobs/ProcessVideoJob.php:47\nStack trace:\n#0 /home/abdalrahman/codes/laravel/BazaarWeb/src/backend/vendor/laravel/framework/src/Illuminate/Container/BoundMethod.php(36): App\\Jobs\\ProcessVideoJob->handle()\n#1 /home/abdalrahman/codes/laravel/BazaarWeb/src/backend/vendor/laravel/framework/src/Illuminate/Container/Util.php(43): Illuminate\\Container\\BoundMethod::Illuminate\\Container\\{closure}()\n#2 /home/abdalrahman/codes/laravel/BazaarWeb/src/backend/vendor/laravel/framework/src/Illuminate/Container/BoundMethod.php(96): Illuminate\\Container\\Util::unwrapIfClosure()\n#3 /home/abdalrahman/codes/laravel/BazaarWeb/src/backend/vendor/laravel/framework/src/Illuminate/Container/BoundMethod.php(35): Illuminate\\Container\\BoundMethod::callBoundMethod()\n#4 /home/abdalrahman/codes/laravel/BazaarWeb/src/backend/vendor/laravel/framework/src/Illuminate/Container/Container.php(836): Illuminate\\Container\\BoundMethod::call()\n#5 /home/abdalrahman/codes/laravel/BazaarWeb/src/backend/vendor/laravel/framework/src/Illuminate/Bus/Dispatcher.php(129): Illuminate\\Container\\Container->call()\n#6 /home/abdalrahman/codes/laravel/BazaarWeb/src/backend/vendor/laravel/framework/src/Illuminate/Pipeline/Pipeline.php(180): Illuminate\\Bus\\Dispatcher->Illuminate\\Bus\\{closure}()\n#7 /home/abdalrahman/codes/laravel/BazaarWeb/src/backend/vendor/laravel/framework/src/Illuminate/Pipeline/Pipeline.php(137): Illuminate\\Pipeline\\Pipeline->Illuminate\\Pipeline\\{closure}()\n#8 /home/abdalrahman/codes/laravel/BazaarWeb/src/backend/vendor/laravel/framework/src/Illuminate/Bus/Dispatcher.php(133): Illuminate\\Pipeline\\Pipeline->then()\n#9 /home/abdalrahman/codes/laravel/BazaarWeb/src/backend/vendor/laravel/framework/src/Illuminate/Queue/CallQueuedHandler.php(134): Illuminate\\Bus\\Dispatcher->dispatchNow()\n#10 /home/abdalrahman/codes/laravel/BazaarWeb/src/backend/vendor/laravel/framework/src/Illuminate/Pipeline/Pipeline.php(180): Illuminate\\Queue\\CallQueuedHandler->Illuminate\\Queue\\{closure}()\n#11 /home/abdalrahman/codes/laravel/BazaarWeb/src/backend/vendor/laravel/framework/src/Illuminate/Pipeline/Pipeline.php(137): Illuminate\\Pipeline\\Pipeline->Illuminate\\Pipeline\\{closure}()\n#12 /home/abdalrahman/codes/laravel/BazaarWeb/src/backend/vendor/laravel/framework/src/Illuminate/Queue/CallQueuedHandler.php(127): Illuminate\\Pipeline\\Pipeline->then()\n#13 /home/abdalrahman/codes/laravel/BazaarWeb/src/backend/vendor/laravel/framework/src/Illuminate/Queue/CallQueuedHandler.php(68): Illuminate\\Queue\\CallQueuedHandler->dispatchThroughMiddleware()\n#14 /home/abdalrahman/codes/laravel/BazaarWeb/src/backend/vendor/laravel/framework/src/Illuminate/Queue/Jobs/Job.php(102): Illuminate\\Queue\\CallQueuedHandler->call()\n#15 /home/abdalrahman/codes/laravel/BazaarWeb/src/backend/vendor/laravel/framework/src/Illuminate/Queue/Worker.php(451): Illuminate\\Queue\\Jobs\\Job->fire()\n#16 /home/abdalrahman/codes/laravel/BazaarWeb/src/backend/vendor/laravel/framework/src/Illuminate/Queue/Worker.php(401): Illuminate\\Queue\\Worker->process()\n#17 /home/abdalrahman/codes/laravel/BazaarWeb/src/backend/vendor/laravel/framework/src/Illuminate/Queue/Worker.php(187): Illuminate\\Queue\\Worker->runJob()\n#18 /home/abdalrahman/codes/laravel/BazaarWeb/src/backend/vendor/laravel/framework/src/Illuminate/Queue/Console/WorkCommand.php(148): Illuminate\\Queue\\Worker->daemon()\n#19 /home/abdalrahman/codes/laravel/BazaarWeb/src/backend/vendor/laravel/framework/src/Illuminate/Queue/Console/WorkCommand.php(131): Illuminate\\Queue\\Console\\WorkCommand->runWorker()\n#20 /home/abdalrahman/codes/laravel/BazaarWeb/src/backend/vendor/laravel/framework/src/Illuminate/Container/BoundMethod.php(36): Illuminate\\Queue\\Console\\WorkCommand->handle()\n#21 /home/abdalrahman/codes/laravel/BazaarWeb/src/backend/vendor/laravel/framework/src/Illuminate/Container/Util.php(43): Illuminate\\Container\\BoundMethod::Illuminate\\Container\\{closure}()\n#22 /home/abdalrahman/codes/laravel/BazaarWeb/src/backend/vendor/laravel/framework/src/Illuminate/Container/BoundMethod.php(96): Illuminate\\Container\\Util::unwrapIfClosure()\n#23 /home/abdalrahman/codes/laravel/BazaarWeb/src/backend/vendor/laravel/framework/src/Illuminate/Container/BoundMethod.php(35): Illuminate\\Container\\BoundMethod::callBoundMethod()\n#24 /home/abdalrahman/codes/laravel/BazaarWeb/src/backend/vendor/laravel/framework/src/Illuminate/Container/Container.php(836): Illuminate\\Container\\BoundMethod::call()\n#25 /home/abdalrahman/codes/laravel/BazaarWeb/src/backend/vendor/laravel/framework/src/Illuminate/Console/Command.php(211): Illuminate\\Container\\Container->call()\n#26 /home/abdalrahman/codes/laravel/BazaarWeb/src/backend/vendor/symfony/console/Command/Command.php(318): Illuminate\\Console\\Command->execute()\n#27 /home/abdalrahman/codes/laravel/BazaarWeb/src/backend/vendor/laravel/framework/src/Illuminate/Console/Command.php(180): Symfony\\Component\\Console\\Command\\Command->run()\n#28 /home/abdalrahman/codes/laravel/BazaarWeb/src/backend/vendor/symfony/console/Application.php(1073): Illuminate\\Console\\Command->run()\n#29 /home/abdalrahman/codes/laravel/BazaarWeb/src/backend/vendor/symfony/console/Application.php(356): Symfony\\Component\\Console\\Application->doRunCommand()\n#30 /home/abdalrahman/codes/laravel/BazaarWeb/src/backend/vendor/symfony/console/Application.php(195): Symfony\\Component\\Console\\Application->doRun()\n#31 /home/abdalrahman/codes/laravel/BazaarWeb/src/backend/vendor/laravel/framework/src/Illuminate/Foundation/Console/Kernel.php(197): Symfony\\Component\\Console\\Application->run()\n#32 /home/abdalrahman/codes/laravel/BazaarWeb/src/backend/vendor/laravel/framework/src/Illuminate/Foundation/Application.php(1235): Illuminate\\Foundation\\Console\\Kernel->handle()\n#33 /home/abdalrahman/codes/laravel/BazaarWeb/src/backend/artisan(16): Illuminate\\Foundation\\Application->handleCommand()\n#34 {main}','2025-11-07 14:25:26'),(7,'4270cb4f-3f1a-461f-9bb0-a7418281d093','database','default','{\"uuid\":\"4270cb4f-3f1a-461f-9bb0-a7418281d093\",\"displayName\":\"App\\\\Jobs\\\\ProcessVideoJob\",\"job\":\"Illuminate\\\\Queue\\\\CallQueuedHandler@call\",\"maxTries\":3,\"maxExceptions\":null,\"failOnTimeout\":false,\"backoff\":null,\"timeout\":600,\"retryUntil\":null,\"data\":{\"commandName\":\"App\\\\Jobs\\\\ProcessVideoJob\",\"command\":\"O:24:\\\"App\\\\Jobs\\\\ProcessVideoJob\\\":2:{s:9:\\\"videoPath\\\";s:73:\\\"videos\\/real-estate\\/originals\\/FxXx2rVh7sIaZjW4uAkHuFAcuIV2tYthfK9LgAhJ.mp4\\\";s:4:\\\"adId\\\";i:90;}\"},\"createdAt\":1762539106,\"delay\":null}','Error: Typed property App\\Jobs\\ProcessVideoJob::$disk must not be accessed before initialization in /home/abdalrahman/codes/laravel/BazaarWeb/src/backend/app/Jobs/ProcessVideoJob.php:47\nStack trace:\n#0 /home/abdalrahman/codes/laravel/BazaarWeb/src/backend/vendor/laravel/framework/src/Illuminate/Container/BoundMethod.php(36): App\\Jobs\\ProcessVideoJob->handle()\n#1 /home/abdalrahman/codes/laravel/BazaarWeb/src/backend/vendor/laravel/framework/src/Illuminate/Container/Util.php(43): Illuminate\\Container\\BoundMethod::Illuminate\\Container\\{closure}()\n#2 /home/abdalrahman/codes/laravel/BazaarWeb/src/backend/vendor/laravel/framework/src/Illuminate/Container/BoundMethod.php(96): Illuminate\\Container\\Util::unwrapIfClosure()\n#3 /home/abdalrahman/codes/laravel/BazaarWeb/src/backend/vendor/laravel/framework/src/Illuminate/Container/BoundMethod.php(35): Illuminate\\Container\\BoundMethod::callBoundMethod()\n#4 /home/abdalrahman/codes/laravel/BazaarWeb/src/backend/vendor/laravel/framework/src/Illuminate/Container/Container.php(836): Illuminate\\Container\\BoundMethod::call()\n#5 /home/abdalrahman/codes/laravel/BazaarWeb/src/backend/vendor/laravel/framework/src/Illuminate/Bus/Dispatcher.php(129): Illuminate\\Container\\Container->call()\n#6 /home/abdalrahman/codes/laravel/BazaarWeb/src/backend/vendor/laravel/framework/src/Illuminate/Pipeline/Pipeline.php(180): Illuminate\\Bus\\Dispatcher->Illuminate\\Bus\\{closure}()\n#7 /home/abdalrahman/codes/laravel/BazaarWeb/src/backend/vendor/laravel/framework/src/Illuminate/Pipeline/Pipeline.php(137): Illuminate\\Pipeline\\Pipeline->Illuminate\\Pipeline\\{closure}()\n#8 /home/abdalrahman/codes/laravel/BazaarWeb/src/backend/vendor/laravel/framework/src/Illuminate/Bus/Dispatcher.php(133): Illuminate\\Pipeline\\Pipeline->then()\n#9 /home/abdalrahman/codes/laravel/BazaarWeb/src/backend/vendor/laravel/framework/src/Illuminate/Queue/CallQueuedHandler.php(134): Illuminate\\Bus\\Dispatcher->dispatchNow()\n#10 /home/abdalrahman/codes/laravel/BazaarWeb/src/backend/vendor/laravel/framework/src/Illuminate/Pipeline/Pipeline.php(180): Illuminate\\Queue\\CallQueuedHandler->Illuminate\\Queue\\{closure}()\n#11 /home/abdalrahman/codes/laravel/BazaarWeb/src/backend/vendor/laravel/framework/src/Illuminate/Pipeline/Pipeline.php(137): Illuminate\\Pipeline\\Pipeline->Illuminate\\Pipeline\\{closure}()\n#12 /home/abdalrahman/codes/laravel/BazaarWeb/src/backend/vendor/laravel/framework/src/Illuminate/Queue/CallQueuedHandler.php(127): Illuminate\\Pipeline\\Pipeline->then()\n#13 /home/abdalrahman/codes/laravel/BazaarWeb/src/backend/vendor/laravel/framework/src/Illuminate/Queue/CallQueuedHandler.php(68): Illuminate\\Queue\\CallQueuedHandler->dispatchThroughMiddleware()\n#14 /home/abdalrahman/codes/laravel/BazaarWeb/src/backend/vendor/laravel/framework/src/Illuminate/Queue/Jobs/Job.php(102): Illuminate\\Queue\\CallQueuedHandler->call()\n#15 /home/abdalrahman/codes/laravel/BazaarWeb/src/backend/vendor/laravel/framework/src/Illuminate/Queue/Worker.php(451): Illuminate\\Queue\\Jobs\\Job->fire()\n#16 /home/abdalrahman/codes/laravel/BazaarWeb/src/backend/vendor/laravel/framework/src/Illuminate/Queue/Worker.php(401): Illuminate\\Queue\\Worker->process()\n#17 /home/abdalrahman/codes/laravel/BazaarWeb/src/backend/vendor/laravel/framework/src/Illuminate/Queue/Worker.php(187): Illuminate\\Queue\\Worker->runJob()\n#18 /home/abdalrahman/codes/laravel/BazaarWeb/src/backend/vendor/laravel/framework/src/Illuminate/Queue/Console/WorkCommand.php(148): Illuminate\\Queue\\Worker->daemon()\n#19 /home/abdalrahman/codes/laravel/BazaarWeb/src/backend/vendor/laravel/framework/src/Illuminate/Queue/Console/WorkCommand.php(131): Illuminate\\Queue\\Console\\WorkCommand->runWorker()\n#20 /home/abdalrahman/codes/laravel/BazaarWeb/src/backend/vendor/laravel/framework/src/Illuminate/Container/BoundMethod.php(36): Illuminate\\Queue\\Console\\WorkCommand->handle()\n#21 /home/abdalrahman/codes/laravel/BazaarWeb/src/backend/vendor/laravel/framework/src/Illuminate/Container/Util.php(43): Illuminate\\Container\\BoundMethod::Illuminate\\Container\\{closure}()\n#22 /home/abdalrahman/codes/laravel/BazaarWeb/src/backend/vendor/laravel/framework/src/Illuminate/Container/BoundMethod.php(96): Illuminate\\Container\\Util::unwrapIfClosure()\n#23 /home/abdalrahman/codes/laravel/BazaarWeb/src/backend/vendor/laravel/framework/src/Illuminate/Container/BoundMethod.php(35): Illuminate\\Container\\BoundMethod::callBoundMethod()\n#24 /home/abdalrahman/codes/laravel/BazaarWeb/src/backend/vendor/laravel/framework/src/Illuminate/Container/Container.php(836): Illuminate\\Container\\BoundMethod::call()\n#25 /home/abdalrahman/codes/laravel/BazaarWeb/src/backend/vendor/laravel/framework/src/Illuminate/Console/Command.php(211): Illuminate\\Container\\Container->call()\n#26 /home/abdalrahman/codes/laravel/BazaarWeb/src/backend/vendor/symfony/console/Command/Command.php(318): Illuminate\\Console\\Command->execute()\n#27 /home/abdalrahman/codes/laravel/BazaarWeb/src/backend/vendor/laravel/framework/src/Illuminate/Console/Command.php(180): Symfony\\Component\\Console\\Command\\Command->run()\n#28 /home/abdalrahman/codes/laravel/BazaarWeb/src/backend/vendor/symfony/console/Application.php(1073): Illuminate\\Console\\Command->run()\n#29 /home/abdalrahman/codes/laravel/BazaarWeb/src/backend/vendor/symfony/console/Application.php(356): Symfony\\Component\\Console\\Application->doRunCommand()\n#30 /home/abdalrahman/codes/laravel/BazaarWeb/src/backend/vendor/symfony/console/Application.php(195): Symfony\\Component\\Console\\Application->doRun()\n#31 /home/abdalrahman/codes/laravel/BazaarWeb/src/backend/vendor/laravel/framework/src/Illuminate/Foundation/Console/Kernel.php(197): Symfony\\Component\\Console\\Application->run()\n#32 /home/abdalrahman/codes/laravel/BazaarWeb/src/backend/vendor/laravel/framework/src/Illuminate/Foundation/Application.php(1235): Illuminate\\Foundation\\Console\\Kernel->handle()\n#33 /home/abdalrahman/codes/laravel/BazaarWeb/src/backend/artisan(16): Illuminate\\Foundation\\Application->handleCommand()\n#34 {main}','2025-11-07 15:11:46'),(8,'65cb6cd5-d56f-42cd-b214-1769775ca4a4','database','default','{\"uuid\":\"65cb6cd5-d56f-42cd-b214-1769775ca4a4\",\"displayName\":\"App\\\\Jobs\\\\ProcessVideoJob\",\"job\":\"Illuminate\\\\Queue\\\\CallQueuedHandler@call\",\"maxTries\":3,\"maxExceptions\":null,\"failOnTimeout\":false,\"backoff\":null,\"timeout\":600,\"retryUntil\":null,\"data\":{\"commandName\":\"App\\\\Jobs\\\\ProcessVideoJob\",\"command\":\"O:24:\\\"App\\\\Jobs\\\\ProcessVideoJob\\\":2:{s:9:\\\"videoPath\\\";s:73:\\\"videos\\/real-estate\\/originals\\/EacUv8CLb2Ff8nng5KtDpOFyQGDB3oL77YM5pnf3.mp4\\\";s:4:\\\"adId\\\";i:91;}\"},\"createdAt\":1762539204,\"delay\":null}','Error: Typed property App\\Jobs\\ProcessVideoJob::$disk must not be accessed before initialization in /home/abdalrahman/codes/laravel/BazaarWeb/src/backend/app/Jobs/ProcessVideoJob.php:47\nStack trace:\n#0 /home/abdalrahman/codes/laravel/BazaarWeb/src/backend/vendor/laravel/framework/src/Illuminate/Container/BoundMethod.php(36): App\\Jobs\\ProcessVideoJob->handle()\n#1 /home/abdalrahman/codes/laravel/BazaarWeb/src/backend/vendor/laravel/framework/src/Illuminate/Container/Util.php(43): Illuminate\\Container\\BoundMethod::Illuminate\\Container\\{closure}()\n#2 /home/abdalrahman/codes/laravel/BazaarWeb/src/backend/vendor/laravel/framework/src/Illuminate/Container/BoundMethod.php(96): Illuminate\\Container\\Util::unwrapIfClosure()\n#3 /home/abdalrahman/codes/laravel/BazaarWeb/src/backend/vendor/laravel/framework/src/Illuminate/Container/BoundMethod.php(35): Illuminate\\Container\\BoundMethod::callBoundMethod()\n#4 /home/abdalrahman/codes/laravel/BazaarWeb/src/backend/vendor/laravel/framework/src/Illuminate/Container/Container.php(836): Illuminate\\Container\\BoundMethod::call()\n#5 /home/abdalrahman/codes/laravel/BazaarWeb/src/backend/vendor/laravel/framework/src/Illuminate/Bus/Dispatcher.php(129): Illuminate\\Container\\Container->call()\n#6 /home/abdalrahman/codes/laravel/BazaarWeb/src/backend/vendor/laravel/framework/src/Illuminate/Pipeline/Pipeline.php(180): Illuminate\\Bus\\Dispatcher->Illuminate\\Bus\\{closure}()\n#7 /home/abdalrahman/codes/laravel/BazaarWeb/src/backend/vendor/laravel/framework/src/Illuminate/Pipeline/Pipeline.php(137): Illuminate\\Pipeline\\Pipeline->Illuminate\\Pipeline\\{closure}()\n#8 /home/abdalrahman/codes/laravel/BazaarWeb/src/backend/vendor/laravel/framework/src/Illuminate/Bus/Dispatcher.php(133): Illuminate\\Pipeline\\Pipeline->then()\n#9 /home/abdalrahman/codes/laravel/BazaarWeb/src/backend/vendor/laravel/framework/src/Illuminate/Queue/CallQueuedHandler.php(134): Illuminate\\Bus\\Dispatcher->dispatchNow()\n#10 /home/abdalrahman/codes/laravel/BazaarWeb/src/backend/vendor/laravel/framework/src/Illuminate/Pipeline/Pipeline.php(180): Illuminate\\Queue\\CallQueuedHandler->Illuminate\\Queue\\{closure}()\n#11 /home/abdalrahman/codes/laravel/BazaarWeb/src/backend/vendor/laravel/framework/src/Illuminate/Pipeline/Pipeline.php(137): Illuminate\\Pipeline\\Pipeline->Illuminate\\Pipeline\\{closure}()\n#12 /home/abdalrahman/codes/laravel/BazaarWeb/src/backend/vendor/laravel/framework/src/Illuminate/Queue/CallQueuedHandler.php(127): Illuminate\\Pipeline\\Pipeline->then()\n#13 /home/abdalrahman/codes/laravel/BazaarWeb/src/backend/vendor/laravel/framework/src/Illuminate/Queue/CallQueuedHandler.php(68): Illuminate\\Queue\\CallQueuedHandler->dispatchThroughMiddleware()\n#14 /home/abdalrahman/codes/laravel/BazaarWeb/src/backend/vendor/laravel/framework/src/Illuminate/Queue/Jobs/Job.php(102): Illuminate\\Queue\\CallQueuedHandler->call()\n#15 /home/abdalrahman/codes/laravel/BazaarWeb/src/backend/vendor/laravel/framework/src/Illuminate/Queue/Worker.php(451): Illuminate\\Queue\\Jobs\\Job->fire()\n#16 /home/abdalrahman/codes/laravel/BazaarWeb/src/backend/vendor/laravel/framework/src/Illuminate/Queue/Worker.php(401): Illuminate\\Queue\\Worker->process()\n#17 /home/abdalrahman/codes/laravel/BazaarWeb/src/backend/vendor/laravel/framework/src/Illuminate/Queue/Worker.php(187): Illuminate\\Queue\\Worker->runJob()\n#18 /home/abdalrahman/codes/laravel/BazaarWeb/src/backend/vendor/laravel/framework/src/Illuminate/Queue/Console/WorkCommand.php(148): Illuminate\\Queue\\Worker->daemon()\n#19 /home/abdalrahman/codes/laravel/BazaarWeb/src/backend/vendor/laravel/framework/src/Illuminate/Queue/Console/WorkCommand.php(131): Illuminate\\Queue\\Console\\WorkCommand->runWorker()\n#20 /home/abdalrahman/codes/laravel/BazaarWeb/src/backend/vendor/laravel/framework/src/Illuminate/Container/BoundMethod.php(36): Illuminate\\Queue\\Console\\WorkCommand->handle()\n#21 /home/abdalrahman/codes/laravel/BazaarWeb/src/backend/vendor/laravel/framework/src/Illuminate/Container/Util.php(43): Illuminate\\Container\\BoundMethod::Illuminate\\Container\\{closure}()\n#22 /home/abdalrahman/codes/laravel/BazaarWeb/src/backend/vendor/laravel/framework/src/Illuminate/Container/BoundMethod.php(96): Illuminate\\Container\\Util::unwrapIfClosure()\n#23 /home/abdalrahman/codes/laravel/BazaarWeb/src/backend/vendor/laravel/framework/src/Illuminate/Container/BoundMethod.php(35): Illuminate\\Container\\BoundMethod::callBoundMethod()\n#24 /home/abdalrahman/codes/laravel/BazaarWeb/src/backend/vendor/laravel/framework/src/Illuminate/Container/Container.php(836): Illuminate\\Container\\BoundMethod::call()\n#25 /home/abdalrahman/codes/laravel/BazaarWeb/src/backend/vendor/laravel/framework/src/Illuminate/Console/Command.php(211): Illuminate\\Container\\Container->call()\n#26 /home/abdalrahman/codes/laravel/BazaarWeb/src/backend/vendor/symfony/console/Command/Command.php(318): Illuminate\\Console\\Command->execute()\n#27 /home/abdalrahman/codes/laravel/BazaarWeb/src/backend/vendor/laravel/framework/src/Illuminate/Console/Command.php(180): Symfony\\Component\\Console\\Command\\Command->run()\n#28 /home/abdalrahman/codes/laravel/BazaarWeb/src/backend/vendor/symfony/console/Application.php(1073): Illuminate\\Console\\Command->run()\n#29 /home/abdalrahman/codes/laravel/BazaarWeb/src/backend/vendor/symfony/console/Application.php(356): Symfony\\Component\\Console\\Application->doRunCommand()\n#30 /home/abdalrahman/codes/laravel/BazaarWeb/src/backend/vendor/symfony/console/Application.php(195): Symfony\\Component\\Console\\Application->doRun()\n#31 /home/abdalrahman/codes/laravel/BazaarWeb/src/backend/vendor/laravel/framework/src/Illuminate/Foundation/Console/Kernel.php(197): Symfony\\Component\\Console\\Application->run()\n#32 /home/abdalrahman/codes/laravel/BazaarWeb/src/backend/vendor/laravel/framework/src/Illuminate/Foundation/Application.php(1235): Illuminate\\Foundation\\Console\\Kernel->handle()\n#33 /home/abdalrahman/codes/laravel/BazaarWeb/src/backend/artisan(16): Illuminate\\Foundation\\Application->handleCommand()\n#34 {main}','2025-11-07 15:13:26');
/*!40000 ALTER TABLE `failed_jobs` ENABLE KEYS */;
UNLOCK TABLES;

--
-- Table structure for table `job_batches`
--

DROP TABLE IF EXISTS `job_batches`;
/*!40101 SET @saved_cs_client     = @@character_set_client */;
/*!50503 SET character_set_client = utf8mb4 */;
CREATE TABLE `job_batches` (
  `id` varchar(255) CHARACTER SET utf8mb4 COLLATE utf8mb4_unicode_ci NOT NULL,
  `name` varchar(255) CHARACTER SET utf8mb4 COLLATE utf8mb4_unicode_ci NOT NULL,
  `total_jobs` int NOT NULL,
  `pending_jobs` int NOT NULL,
  `failed_jobs` int NOT NULL,
  `failed_job_ids` longtext CHARACTER SET utf8mb4 COLLATE utf8mb4_unicode_ci NOT NULL,
  `options` mediumtext CHARACTER SET utf8mb4 COLLATE utf8mb4_unicode_ci,
  `cancelled_at` int DEFAULT NULL,
  `created_at` int NOT NULL,
  `finished_at` int DEFAULT NULL,
  PRIMARY KEY (`id`)
) ENGINE=InnoDB DEFAULT CHARSET=utf8mb4 COLLATE=utf8mb4_unicode_ci;
/*!40101 SET character_set_client = @saved_cs_client */;

--
-- Dumping data for table `job_batches`
--

LOCK TABLES `job_batches` WRITE;
/*!40000 ALTER TABLE `job_batches` DISABLE KEYS */;
/*!40000 ALTER TABLE `job_batches` ENABLE KEYS */;
UNLOCK TABLES;

--
-- Table structure for table `jobs`
--

DROP TABLE IF EXISTS `jobs`;
/*!40101 SET @saved_cs_client     = @@character_set_client */;
/*!50503 SET character_set_client = utf8mb4 */;
CREATE TABLE `jobs` (
  `id` bigint unsigned NOT NULL AUTO_INCREMENT,
  `queue` varchar(255) CHARACTER SET utf8mb4 COLLATE utf8mb4_unicode_ci NOT NULL,
  `payload` longtext CHARACTER SET utf8mb4 COLLATE utf8mb4_unicode_ci NOT NULL,
  `attempts` tinyint unsigned NOT NULL,
  `reserved_at` int unsigned DEFAULT NULL,
  `available_at` int unsigned NOT NULL,
  `created_at` int unsigned NOT NULL,
  PRIMARY KEY (`id`),
  KEY `jobs_queue_index` (`queue`)
) ENGINE=InnoDB AUTO_INCREMENT=88 DEFAULT CHARSET=utf8mb4 COLLATE=utf8mb4_unicode_ci;
/*!40101 SET character_set_client = @saved_cs_client */;

--
-- Dumping data for table `jobs`
--

LOCK TABLES `jobs` WRITE;
/*!40000 ALTER TABLE `jobs` DISABLE KEYS */;
INSERT INTO `jobs` VALUES (69,'default','{\"uuid\":\"80e0b5f3-e052-4eaf-95b2-ea73837d0dd1\",\"displayName\":\"App\\\\Events\\\\MessageSent\",\"job\":\"Illuminate\\\\Queue\\\\CallQueuedHandler@call\",\"maxTries\":null,\"maxExceptions\":null,\"failOnTimeout\":false,\"backoff\":null,\"timeout\":null,\"retryUntil\":null,\"data\":{\"commandName\":\"Illuminate\\\\Broadcasting\\\\BroadcastEvent\",\"command\":\"O:38:\\\"Illuminate\\\\Broadcasting\\\\BroadcastEvent\\\":16:{s:5:\\\"event\\\";O:22:\\\"App\\\\Events\\\\MessageSent\\\":1:{s:7:\\\"message\\\";O:45:\\\"Illuminate\\\\Contracts\\\\Database\\\\ModelIdentifier\\\":5:{s:5:\\\"class\\\";s:18:\\\"App\\\\Models\\\\Message\\\";s:2:\\\"id\\\";i:1;s:9:\\\"relations\\\";a:0:{}s:10:\\\"connection\\\";s:5:\\\"mysql\\\";s:15:\\\"collectionClass\\\";N;}}s:5:\\\"tries\\\";N;s:7:\\\"timeout\\\";N;s:7:\\\"backoff\\\";N;s:13:\\\"maxExceptions\\\";N;s:10:\\\"connection\\\";N;s:5:\\\"queue\\\";N;s:12:\\\"messageGroup\\\";N;s:12:\\\"deduplicator\\\";N;s:5:\\\"delay\\\";N;s:11:\\\"afterCommit\\\";N;s:10:\\\"middleware\\\";a:0:{}s:7:\\\"chained\\\";a:0:{}s:15:\\\"chainConnection\\\";N;s:10:\\\"chainQueue\\\";N;s:19:\\\"chainCatchCallbacks\\\";N;}\"},\"createdAt\":1763212433,\"delay\":null}',0,NULL,1763212433,1763212433),(70,'default','{\"uuid\":\"b158d6bb-d91f-427e-8966-c694119102f6\",\"displayName\":\"App\\\\Events\\\\MessageSent\",\"job\":\"Illuminate\\\\Queue\\\\CallQueuedHandler@call\",\"maxTries\":null,\"maxExceptions\":null,\"failOnTimeout\":false,\"backoff\":null,\"timeout\":null,\"retryUntil\":null,\"data\":{\"commandName\":\"Illuminate\\\\Broadcasting\\\\BroadcastEvent\",\"command\":\"O:38:\\\"Illuminate\\\\Broadcasting\\\\BroadcastEvent\\\":16:{s:5:\\\"event\\\";O:22:\\\"App\\\\Events\\\\MessageSent\\\":1:{s:7:\\\"message\\\";O:45:\\\"Illuminate\\\\Contracts\\\\Database\\\\ModelIdentifier\\\":5:{s:5:\\\"class\\\";s:18:\\\"App\\\\Models\\\\Message\\\";s:2:\\\"id\\\";i:2;s:9:\\\"relations\\\";a:0:{}s:10:\\\"connection\\\";s:5:\\\"mysql\\\";s:15:\\\"collectionClass\\\";N;}}s:5:\\\"tries\\\";N;s:7:\\\"timeout\\\";N;s:7:\\\"backoff\\\";N;s:13:\\\"maxExceptions\\\";N;s:10:\\\"connection\\\";N;s:5:\\\"queue\\\";N;s:12:\\\"messageGroup\\\";N;s:12:\\\"deduplicator\\\";N;s:5:\\\"delay\\\";N;s:11:\\\"afterCommit\\\";N;s:10:\\\"middleware\\\";a:0:{}s:7:\\\"chained\\\";a:0:{}s:15:\\\"chainConnection\\\";N;s:10:\\\"chainQueue\\\";N;s:19:\\\"chainCatchCallbacks\\\";N;}\"},\"createdAt\":1763212444,\"delay\":null}',0,NULL,1763212444,1763212444),(71,'default','{\"uuid\":\"74d2f4d2-45e3-4190-a131-178c000e9879\",\"displayName\":\"App\\\\Notifications\\\\VerifyEmailWithOtp\",\"job\":\"Illuminate\\\\Queue\\\\CallQueuedHandler@call\",\"maxTries\":null,\"maxExceptions\":null,\"failOnTimeout\":false,\"backoff\":null,\"timeout\":null,\"retryUntil\":null,\"data\":{\"commandName\":\"Illuminate\\\\Notifications\\\\SendQueuedNotifications\",\"command\":\"O:48:\\\"Illuminate\\\\Notifications\\\\SendQueuedNotifications\\\":3:{s:11:\\\"notifiables\\\";O:45:\\\"Illuminate\\\\Contracts\\\\Database\\\\ModelIdentifier\\\":5:{s:5:\\\"class\\\";s:15:\\\"App\\\\Models\\\\User\\\";s:2:\\\"id\\\";a:1:{i:0;i:10;}s:9:\\\"relations\\\";a:0:{}s:10:\\\"connection\\\";s:5:\\\"mysql\\\";s:15:\\\"collectionClass\\\";N;}s:12:\\\"notification\\\";O:36:\\\"App\\\\Notifications\\\\VerifyEmailWithOtp\\\":2:{s:16:\\\"verificationCode\\\";s:6:\\\"827066\\\";s:2:\\\"id\\\";s:36:\\\"0b79c92b-6088-40be-8e92-0d786f6effc8\\\";}s:8:\\\"channels\\\";a:1:{i:0;s:4:\\\"mail\\\";}}\"},\"createdAt\":1763216061,\"delay\":null}',0,NULL,1763216061,1763216061),(72,'default','{\"uuid\":\"1c611b9a-e483-4fda-85ab-62aa06308542\",\"displayName\":\"App\\\\Notifications\\\\VerifyEmailWithOtp\",\"job\":\"Illuminate\\\\Queue\\\\CallQueuedHandler@call\",\"maxTries\":null,\"maxExceptions\":null,\"failOnTimeout\":false,\"backoff\":null,\"timeout\":null,\"retryUntil\":null,\"data\":{\"commandName\":\"Illuminate\\\\Notifications\\\\SendQueuedNotifications\",\"command\":\"O:48:\\\"Illuminate\\\\Notifications\\\\SendQueuedNotifications\\\":3:{s:11:\\\"notifiables\\\";O:45:\\\"Illuminate\\\\Contracts\\\\Database\\\\ModelIdentifier\\\":5:{s:5:\\\"class\\\";s:15:\\\"App\\\\Models\\\\User\\\";s:2:\\\"id\\\";a:1:{i:0;i:11;}s:9:\\\"relations\\\";a:0:{}s:10:\\\"connection\\\";s:5:\\\"mysql\\\";s:15:\\\"collectionClass\\\";N;}s:12:\\\"notification\\\";O:36:\\\"App\\\\Notifications\\\\VerifyEmailWithOtp\\\":2:{s:16:\\\"verificationCode\\\";s:6:\\\"291180\\\";s:2:\\\"id\\\";s:36:\\\"6f4a2aa9-115e-4c08-ae63-55c4e4286513\\\";}s:8:\\\"channels\\\";a:1:{i:0;s:4:\\\"mail\\\";}}\"},\"createdAt\":1763216273,\"delay\":null}',0,NULL,1763216273,1763216273),(73,'default','{\"uuid\":\"1199ffab-5f74-4c8a-9240-164b4e0e07c4\",\"displayName\":\"App\\\\Notifications\\\\VerifyEmailWithOtp\",\"job\":\"Illuminate\\\\Queue\\\\CallQueuedHandler@call\",\"maxTries\":null,\"maxExceptions\":null,\"failOnTimeout\":false,\"backoff\":null,\"timeout\":null,\"retryUntil\":null,\"data\":{\"commandName\":\"Illuminate\\\\Notifications\\\\SendQueuedNotifications\",\"command\":\"O:48:\\\"Illuminate\\\\Notifications\\\\SendQueuedNotifications\\\":3:{s:11:\\\"notifiables\\\";O:45:\\\"Illuminate\\\\Contracts\\\\Database\\\\ModelIdentifier\\\":5:{s:5:\\\"class\\\";s:15:\\\"App\\\\Models\\\\User\\\";s:2:\\\"id\\\";a:1:{i:0;i:12;}s:9:\\\"relations\\\";a:0:{}s:10:\\\"connection\\\";s:5:\\\"mysql\\\";s:15:\\\"collectionClass\\\";N;}s:12:\\\"notification\\\";O:36:\\\"App\\\\Notifications\\\\VerifyEmailWithOtp\\\":2:{s:16:\\\"verificationCode\\\";s:6:\\\"838911\\\";s:2:\\\"id\\\";s:36:\\\"4bebfa7d-1bb6-4e12-8093-517d2dfe263d\\\";}s:8:\\\"channels\\\";a:1:{i:0;s:4:\\\"mail\\\";}}\"},\"createdAt\":1763216411,\"delay\":null}',0,NULL,1763216411,1763216411),(74,'default','{\"uuid\":\"b8a6bad1-f9f0-4d60-a9e6-254469bae121\",\"displayName\":\"App\\\\Notifications\\\\VerifyEmailWithOtp\",\"job\":\"Illuminate\\\\Queue\\\\CallQueuedHandler@call\",\"maxTries\":null,\"maxExceptions\":null,\"failOnTimeout\":false,\"backoff\":null,\"timeout\":null,\"retryUntil\":null,\"data\":{\"commandName\":\"Illuminate\\\\Notifications\\\\SendQueuedNotifications\",\"command\":\"O:48:\\\"Illuminate\\\\Notifications\\\\SendQueuedNotifications\\\":3:{s:11:\\\"notifiables\\\";O:45:\\\"Illuminate\\\\Contracts\\\\Database\\\\ModelIdentifier\\\":5:{s:5:\\\"class\\\";s:15:\\\"App\\\\Models\\\\User\\\";s:2:\\\"id\\\";a:1:{i:0;i:13;}s:9:\\\"relations\\\";a:0:{}s:10:\\\"connection\\\";s:5:\\\"mysql\\\";s:15:\\\"collectionClass\\\";N;}s:12:\\\"notification\\\";O:36:\\\"App\\\\Notifications\\\\VerifyEmailWithOtp\\\":2:{s:16:\\\"verificationCode\\\";s:6:\\\"481546\\\";s:2:\\\"id\\\";s:36:\\\"4fc5fcf0-34c4-4cb7-9826-294c7def92be\\\";}s:8:\\\"channels\\\";a:1:{i:0;s:4:\\\"mail\\\";}}\"},\"createdAt\":1763217053,\"delay\":null}',0,NULL,1763217053,1763217053),(75,'default','{\"uuid\":\"baf7c7c4-35bf-4d3c-9417-64a9465efd78\",\"displayName\":\"App\\\\Events\\\\MessageSent\",\"job\":\"Illuminate\\\\Queue\\\\CallQueuedHandler@call\",\"maxTries\":null,\"maxExceptions\":null,\"failOnTimeout\":false,\"backoff\":null,\"timeout\":null,\"retryUntil\":null,\"data\":{\"commandName\":\"Illuminate\\\\Broadcasting\\\\BroadcastEvent\",\"command\":\"O:38:\\\"Illuminate\\\\Broadcasting\\\\BroadcastEvent\\\":16:{s:5:\\\"event\\\";O:22:\\\"App\\\\Events\\\\MessageSent\\\":1:{s:7:\\\"message\\\";O:45:\\\"Illuminate\\\\Contracts\\\\Database\\\\ModelIdentifier\\\":5:{s:5:\\\"class\\\";s:18:\\\"App\\\\Models\\\\Message\\\";s:2:\\\"id\\\";i:3;s:9:\\\"relations\\\";a:0:{}s:10:\\\"connection\\\";s:5:\\\"mysql\\\";s:15:\\\"collectionClass\\\";N;}}s:5:\\\"tries\\\";N;s:7:\\\"timeout\\\";N;s:7:\\\"backoff\\\";N;s:13:\\\"maxExceptions\\\";N;s:10:\\\"connection\\\";N;s:5:\\\"queue\\\";N;s:12:\\\"messageGroup\\\";N;s:12:\\\"deduplicator\\\";N;s:5:\\\"delay\\\";N;s:11:\\\"afterCommit\\\";N;s:10:\\\"middleware\\\";a:0:{}s:7:\\\"chained\\\";a:0:{}s:15:\\\"chainConnection\\\";N;s:10:\\\"chainQueue\\\";N;s:19:\\\"chainCatchCallbacks\\\";N;}\"},\"createdAt\":1763234426,\"delay\":null}',0,NULL,1763234426,1763234426),(76,'default','{\"uuid\":\"48104165-5e90-499f-8714-494412e16526\",\"displayName\":\"App\\\\Events\\\\MessageSent\",\"job\":\"Illuminate\\\\Queue\\\\CallQueuedHandler@call\",\"maxTries\":null,\"maxExceptions\":null,\"failOnTimeout\":false,\"backoff\":null,\"timeout\":null,\"retryUntil\":null,\"data\":{\"commandName\":\"Illuminate\\\\Broadcasting\\\\BroadcastEvent\",\"command\":\"O:38:\\\"Illuminate\\\\Broadcasting\\\\BroadcastEvent\\\":16:{s:5:\\\"event\\\";O:22:\\\"App\\\\Events\\\\MessageSent\\\":1:{s:7:\\\"message\\\";O:45:\\\"Illuminate\\\\Contracts\\\\Database\\\\ModelIdentifier\\\":5:{s:5:\\\"class\\\";s:18:\\\"App\\\\Models\\\\Message\\\";s:2:\\\"id\\\";i:4;s:9:\\\"relations\\\";a:0:{}s:10:\\\"connection\\\";s:5:\\\"mysql\\\";s:15:\\\"collectionClass\\\";N;}}s:5:\\\"tries\\\";N;s:7:\\\"timeout\\\";N;s:7:\\\"backoff\\\";N;s:13:\\\"maxExceptions\\\";N;s:10:\\\"connection\\\";N;s:5:\\\"queue\\\";N;s:12:\\\"messageGroup\\\";N;s:12:\\\"deduplicator\\\";N;s:5:\\\"delay\\\";N;s:11:\\\"afterCommit\\\";N;s:10:\\\"middleware\\\";a:0:{}s:7:\\\"chained\\\";a:0:{}s:15:\\\"chainConnection\\\";N;s:10:\\\"chainQueue\\\";N;s:19:\\\"chainCatchCallbacks\\\";N;}\"},\"createdAt\":1763293590,\"delay\":null}',0,NULL,1763293590,1763293590),(77,'default','{\"uuid\":\"c72c04b9-ab4a-4d01-b960-c16a170a2bd8\",\"displayName\":\"App\\\\Events\\\\MessageSent\",\"job\":\"Illuminate\\\\Queue\\\\CallQueuedHandler@call\",\"maxTries\":null,\"maxExceptions\":null,\"failOnTimeout\":false,\"backoff\":null,\"timeout\":null,\"retryUntil\":null,\"data\":{\"commandName\":\"Illuminate\\\\Broadcasting\\\\BroadcastEvent\",\"command\":\"O:38:\\\"Illuminate\\\\Broadcasting\\\\BroadcastEvent\\\":16:{s:5:\\\"event\\\";O:22:\\\"App\\\\Events\\\\MessageSent\\\":1:{s:7:\\\"message\\\";O:45:\\\"Illuminate\\\\Contracts\\\\Database\\\\ModelIdentifier\\\":5:{s:5:\\\"class\\\";s:18:\\\"App\\\\Models\\\\Message\\\";s:2:\\\"id\\\";i:5;s:9:\\\"relations\\\";a:0:{}s:10:\\\"connection\\\";s:5:\\\"mysql\\\";s:15:\\\"collectionClass\\\";N;}}s:5:\\\"tries\\\";N;s:7:\\\"timeout\\\";N;s:7:\\\"backoff\\\";N;s:13:\\\"maxExceptions\\\";N;s:10:\\\"connection\\\";N;s:5:\\\"queue\\\";N;s:12:\\\"messageGroup\\\";N;s:12:\\\"deduplicator\\\";N;s:5:\\\"delay\\\";N;s:11:\\\"afterCommit\\\";N;s:10:\\\"middleware\\\";a:0:{}s:7:\\\"chained\\\";a:0:{}s:15:\\\"chainConnection\\\";N;s:10:\\\"chainQueue\\\";N;s:19:\\\"chainCatchCallbacks\\\";N;}\"},\"createdAt\":1763293653,\"delay\":null}',0,NULL,1763293653,1763293653),(78,'default','{\"uuid\":\"89b4bb97-15f4-41b9-9606-7a094aa2a0c8\",\"displayName\":\"App\\\\Events\\\\MessageSent\",\"job\":\"Illuminate\\\\Queue\\\\CallQueuedHandler@call\",\"maxTries\":null,\"maxExceptions\":null,\"failOnTimeout\":false,\"backoff\":null,\"timeout\":null,\"retryUntil\":null,\"data\":{\"commandName\":\"Illuminate\\\\Broadcasting\\\\BroadcastEvent\",\"command\":\"O:38:\\\"Illuminate\\\\Broadcasting\\\\BroadcastEvent\\\":16:{s:5:\\\"event\\\";O:22:\\\"App\\\\Events\\\\MessageSent\\\":1:{s:7:\\\"message\\\";O:45:\\\"Illuminate\\\\Contracts\\\\Database\\\\ModelIdentifier\\\":5:{s:5:\\\"class\\\";s:18:\\\"App\\\\Models\\\\Message\\\";s:2:\\\"id\\\";i:6;s:9:\\\"relations\\\";a:0:{}s:10:\\\"connection\\\";s:5:\\\"mysql\\\";s:15:\\\"collectionClass\\\";N;}}s:5:\\\"tries\\\";N;s:7:\\\"timeout\\\";N;s:7:\\\"backoff\\\";N;s:13:\\\"maxExceptions\\\";N;s:10:\\\"connection\\\";N;s:5:\\\"queue\\\";N;s:12:\\\"messageGroup\\\";N;s:12:\\\"deduplicator\\\";N;s:5:\\\"delay\\\";N;s:11:\\\"afterCommit\\\";N;s:10:\\\"middleware\\\";a:0:{}s:7:\\\"chained\\\";a:0:{}s:15:\\\"chainConnection\\\";N;s:10:\\\"chainQueue\\\";N;s:19:\\\"chainCatchCallbacks\\\";N;}\"},\"createdAt\":1763300069,\"delay\":null}',0,NULL,1763300069,1763300069),(79,'default','{\"uuid\":\"84269b2a-f689-410a-ad53-f415ccbd9594\",\"displayName\":\"App\\\\Notifications\\\\VerifyEmailWithOtp\",\"job\":\"Illuminate\\\\Queue\\\\CallQueuedHandler@call\",\"maxTries\":null,\"maxExceptions\":null,\"failOnTimeout\":false,\"backoff\":null,\"timeout\":null,\"retryUntil\":null,\"data\":{\"commandName\":\"Illuminate\\\\Notifications\\\\SendQueuedNotifications\",\"command\":\"O:48:\\\"Illuminate\\\\Notifications\\\\SendQueuedNotifications\\\":3:{s:11:\\\"notifiables\\\";O:45:\\\"Illuminate\\\\Contracts\\\\Database\\\\ModelIdentifier\\\":5:{s:5:\\\"class\\\";s:15:\\\"App\\\\Models\\\\User\\\";s:2:\\\"id\\\";a:1:{i:0;i:14;}s:9:\\\"relations\\\";a:0:{}s:10:\\\"connection\\\";s:5:\\\"mysql\\\";s:15:\\\"collectionClass\\\";N;}s:12:\\\"notification\\\";O:36:\\\"App\\\\Notifications\\\\VerifyEmailWithOtp\\\":2:{s:16:\\\"verificationCode\\\";s:6:\\\"296626\\\";s:2:\\\"id\\\";s:36:\\\"b60e8e0e-54b9-40c4-9c3b-415e110cadd9\\\";}s:8:\\\"channels\\\";a:1:{i:0;s:4:\\\"mail\\\";}}\"},\"createdAt\":1763300246,\"delay\":null}',0,NULL,1763300246,1763300246),(80,'default','{\"uuid\":\"e18306c0-bb18-417b-9838-38aa5edd9f14\",\"displayName\":\"App\\\\Events\\\\MessageSent\",\"job\":\"Illuminate\\\\Queue\\\\CallQueuedHandler@call\",\"maxTries\":null,\"maxExceptions\":null,\"failOnTimeout\":false,\"backoff\":null,\"timeout\":null,\"retryUntil\":null,\"data\":{\"commandName\":\"Illuminate\\\\Broadcasting\\\\BroadcastEvent\",\"command\":\"O:38:\\\"Illuminate\\\\Broadcasting\\\\BroadcastEvent\\\":16:{s:5:\\\"event\\\";O:22:\\\"App\\\\Events\\\\MessageSent\\\":1:{s:7:\\\"message\\\";O:45:\\\"Illuminate\\\\Contracts\\\\Database\\\\ModelIdentifier\\\":5:{s:5:\\\"class\\\";s:18:\\\"App\\\\Models\\\\Message\\\";s:2:\\\"id\\\";i:7;s:9:\\\"relations\\\";a:0:{}s:10:\\\"connection\\\";s:5:\\\"mysql\\\";s:15:\\\"collectionClass\\\";N;}}s:5:\\\"tries\\\";N;s:7:\\\"timeout\\\";N;s:7:\\\"backoff\\\";N;s:13:\\\"maxExceptions\\\";N;s:10:\\\"connection\\\";N;s:5:\\\"queue\\\";N;s:12:\\\"messageGroup\\\";N;s:12:\\\"deduplicator\\\";N;s:5:\\\"delay\\\";N;s:11:\\\"afterCommit\\\";N;s:10:\\\"middleware\\\";a:0:{}s:7:\\\"chained\\\";a:0:{}s:15:\\\"chainConnection\\\";N;s:10:\\\"chainQueue\\\";N;s:19:\\\"chainCatchCallbacks\\\";N;}\"},\"createdAt\":1763312291,\"delay\":null}',0,NULL,1763312291,1763312291),(81,'default','{\"uuid\":\"74b12dd6-b249-4b0e-b90c-0a54918b7540\",\"displayName\":\"App\\\\Events\\\\MessageSent\",\"job\":\"Illuminate\\\\Queue\\\\CallQueuedHandler@call\",\"maxTries\":null,\"maxExceptions\":null,\"failOnTimeout\":false,\"backoff\":null,\"timeout\":null,\"retryUntil\":null,\"data\":{\"commandName\":\"Illuminate\\\\Broadcasting\\\\BroadcastEvent\",\"command\":\"O:38:\\\"Illuminate\\\\Broadcasting\\\\BroadcastEvent\\\":16:{s:5:\\\"event\\\";O:22:\\\"App\\\\Events\\\\MessageSent\\\":1:{s:7:\\\"message\\\";O:45:\\\"Illuminate\\\\Contracts\\\\Database\\\\ModelIdentifier\\\":5:{s:5:\\\"class\\\";s:18:\\\"App\\\\Models\\\\Message\\\";s:2:\\\"id\\\";i:8;s:9:\\\"relations\\\";a:0:{}s:10:\\\"connection\\\";s:5:\\\"mysql\\\";s:15:\\\"collectionClass\\\";N;}}s:5:\\\"tries\\\";N;s:7:\\\"timeout\\\";N;s:7:\\\"backoff\\\";N;s:13:\\\"maxExceptions\\\";N;s:10:\\\"connection\\\";N;s:5:\\\"queue\\\";N;s:12:\\\"messageGroup\\\";N;s:12:\\\"deduplicator\\\";N;s:5:\\\"delay\\\";N;s:11:\\\"afterCommit\\\";N;s:10:\\\"middleware\\\";a:0:{}s:7:\\\"chained\\\";a:0:{}s:15:\\\"chainConnection\\\";N;s:10:\\\"chainQueue\\\";N;s:19:\\\"chainCatchCallbacks\\\";N;}\"},\"createdAt\":1763367787,\"delay\":null}',0,NULL,1763367787,1763367787),(82,'default','{\"uuid\":\"821b717d-82aa-4d73-909b-4a0fd861d30d\",\"displayName\":\"App\\\\Events\\\\MessageSent\",\"job\":\"Illuminate\\\\Queue\\\\CallQueuedHandler@call\",\"maxTries\":null,\"maxExceptions\":null,\"failOnTimeout\":false,\"backoff\":null,\"timeout\":null,\"retryUntil\":null,\"data\":{\"commandName\":\"Illuminate\\\\Broadcasting\\\\BroadcastEvent\",\"command\":\"O:38:\\\"Illuminate\\\\Broadcasting\\\\BroadcastEvent\\\":16:{s:5:\\\"event\\\";O:22:\\\"App\\\\Events\\\\MessageSent\\\":1:{s:7:\\\"message\\\";O:45:\\\"Illuminate\\\\Contracts\\\\Database\\\\ModelIdentifier\\\":5:{s:5:\\\"class\\\";s:18:\\\"App\\\\Models\\\\Message\\\";s:2:\\\"id\\\";i:9;s:9:\\\"relations\\\";a:0:{}s:10:\\\"connection\\\";s:5:\\\"mysql\\\";s:15:\\\"collectionClass\\\";N;}}s:5:\\\"tries\\\";N;s:7:\\\"timeout\\\";N;s:7:\\\"backoff\\\";N;s:13:\\\"maxExceptions\\\";N;s:10:\\\"connection\\\";N;s:5:\\\"queue\\\";N;s:12:\\\"messageGroup\\\";N;s:12:\\\"deduplicator\\\";N;s:5:\\\"delay\\\";N;s:11:\\\"afterCommit\\\";N;s:10:\\\"middleware\\\";a:0:{}s:7:\\\"chained\\\";a:0:{}s:15:\\\"chainConnection\\\";N;s:10:\\\"chainQueue\\\";N;s:19:\\\"chainCatchCallbacks\\\";N;}\"},\"createdAt\":1763367801,\"delay\":null}',0,NULL,1763367801,1763367801),(83,'default','{\"uuid\":\"0f3e4275-e6d8-4768-84c2-1e09ff4c2ab9\",\"displayName\":\"App\\\\Notifications\\\\VerifyEmailWithOtp\",\"job\":\"Illuminate\\\\Queue\\\\CallQueuedHandler@call\",\"maxTries\":null,\"maxExceptions\":null,\"failOnTimeout\":false,\"backoff\":null,\"timeout\":null,\"retryUntil\":null,\"data\":{\"commandName\":\"Illuminate\\\\Notifications\\\\SendQueuedNotifications\",\"command\":\"O:48:\\\"Illuminate\\\\Notifications\\\\SendQueuedNotifications\\\":3:{s:11:\\\"notifiables\\\";O:45:\\\"Illuminate\\\\Contracts\\\\Database\\\\ModelIdentifier\\\":5:{s:5:\\\"class\\\";s:15:\\\"App\\\\Models\\\\User\\\";s:2:\\\"id\\\";a:1:{i:0;i:15;}s:9:\\\"relations\\\";a:0:{}s:10:\\\"connection\\\";s:5:\\\"mysql\\\";s:15:\\\"collectionClass\\\";N;}s:12:\\\"notification\\\";O:36:\\\"App\\\\Notifications\\\\VerifyEmailWithOtp\\\":2:{s:16:\\\"verificationCode\\\";s:6:\\\"831907\\\";s:2:\\\"id\\\";s:36:\\\"b03da230-e1eb-4e06-90dd-52cd95befd96\\\";}s:8:\\\"channels\\\";a:1:{i:0;s:4:\\\"mail\\\";}}\"},\"createdAt\":1763384942,\"delay\":null}',0,NULL,1763384942,1763384942),(84,'default','{\"uuid\":\"1c71c2cf-6605-42d9-a000-5fc82e392861\",\"displayName\":\"App\\\\Notifications\\\\VerifyEmailWithOtp\",\"job\":\"Illuminate\\\\Queue\\\\CallQueuedHandler@call\",\"maxTries\":null,\"maxExceptions\":null,\"failOnTimeout\":false,\"backoff\":null,\"timeout\":null,\"retryUntil\":null,\"data\":{\"commandName\":\"Illuminate\\\\Notifications\\\\SendQueuedNotifications\",\"command\":\"O:48:\\\"Illuminate\\\\Notifications\\\\SendQueuedNotifications\\\":3:{s:11:\\\"notifiables\\\";O:45:\\\"Illuminate\\\\Contracts\\\\Database\\\\ModelIdentifier\\\":5:{s:5:\\\"class\\\";s:15:\\\"App\\\\Models\\\\User\\\";s:2:\\\"id\\\";a:1:{i:0;i:16;}s:9:\\\"relations\\\";a:0:{}s:10:\\\"connection\\\";s:5:\\\"mysql\\\";s:15:\\\"collectionClass\\\";N;}s:12:\\\"notification\\\";O:36:\\\"App\\\\Notifications\\\\VerifyEmailWithOtp\\\":2:{s:16:\\\"verificationCode\\\";s:6:\\\"690281\\\";s:2:\\\"id\\\";s:36:\\\"ebd27c26-b49e-49a1-9dd6-9b05e02ea51d\\\";}s:8:\\\"channels\\\";a:1:{i:0;s:4:\\\"mail\\\";}}\"},\"createdAt\":1763385621,\"delay\":null}',0,NULL,1763385621,1763385621),(85,'default','{\"uuid\":\"4f3b78c1-33bf-4fc5-88f0-56d35c910643\",\"displayName\":\"App\\\\Notifications\\\\VerifyEmailWithOtp\",\"job\":\"Illuminate\\\\Queue\\\\CallQueuedHandler@call\",\"maxTries\":null,\"maxExceptions\":null,\"failOnTimeout\":false,\"backoff\":null,\"timeout\":null,\"retryUntil\":null,\"data\":{\"commandName\":\"Illuminate\\\\Notifications\\\\SendQueuedNotifications\",\"command\":\"O:48:\\\"Illuminate\\\\Notifications\\\\SendQueuedNotifications\\\":3:{s:11:\\\"notifiables\\\";O:45:\\\"Illuminate\\\\Contracts\\\\Database\\\\ModelIdentifier\\\":5:{s:5:\\\"class\\\";s:15:\\\"App\\\\Models\\\\User\\\";s:2:\\\"id\\\";a:1:{i:0;i:17;}s:9:\\\"relations\\\";a:0:{}s:10:\\\"connection\\\";s:5:\\\"mysql\\\";s:15:\\\"collectionClass\\\";N;}s:12:\\\"notification\\\";O:36:\\\"App\\\\Notifications\\\\VerifyEmailWithOtp\\\":2:{s:16:\\\"verificationCode\\\";s:6:\\\"810719\\\";s:2:\\\"id\\\";s:36:\\\"5cfe39f0-66f7-46a5-b928-2b8363c15fbe\\\";}s:8:\\\"channels\\\";a:1:{i:0;s:4:\\\"mail\\\";}}\"},\"createdAt\":1763387029,\"delay\":null}',0,NULL,1763387029,1763387029),(86,'default','{\"uuid\":\"28489214-45a9-4f9c-9ca8-7639cf7772b4\",\"displayName\":\"App\\\\Notifications\\\\VerifyEmailWithOtp\",\"job\":\"Illuminate\\\\Queue\\\\CallQueuedHandler@call\",\"maxTries\":null,\"maxExceptions\":null,\"failOnTimeout\":false,\"backoff\":null,\"timeout\":null,\"retryUntil\":null,\"data\":{\"commandName\":\"Illuminate\\\\Notifications\\\\SendQueuedNotifications\",\"command\":\"O:48:\\\"Illuminate\\\\Notifications\\\\SendQueuedNotifications\\\":3:{s:11:\\\"notifiables\\\";O:45:\\\"Illuminate\\\\Contracts\\\\Database\\\\ModelIdentifier\\\":5:{s:5:\\\"class\\\";s:15:\\\"App\\\\Models\\\\User\\\";s:2:\\\"id\\\";a:1:{i:0;i:18;}s:9:\\\"relations\\\";a:0:{}s:10:\\\"connection\\\";s:5:\\\"mysql\\\";s:15:\\\"collectionClass\\\";N;}s:12:\\\"notification\\\";O:36:\\\"App\\\\Notifications\\\\VerifyEmailWithOtp\\\":2:{s:16:\\\"verificationCode\\\";s:6:\\\"153951\\\";s:2:\\\"id\\\";s:36:\\\"3dd2b930-cf56-4a51-98b9-62a53fbe73c7\\\";}s:8:\\\"channels\\\";a:1:{i:0;s:4:\\\"mail\\\";}}\"},\"createdAt\":1763387297,\"delay\":null}',0,NULL,1763387297,1763387297),(87,'default','{\"uuid\":\"10af4839-7731-476f-a387-3f8adaae8c5e\",\"displayName\":\"App\\\\Notifications\\\\VerifyEmailWithOtp\",\"job\":\"Illuminate\\\\Queue\\\\CallQueuedHandler@call\",\"maxTries\":null,\"maxExceptions\":null,\"failOnTimeout\":false,\"backoff\":null,\"timeout\":null,\"retryUntil\":null,\"data\":{\"commandName\":\"Illuminate\\\\Notifications\\\\SendQueuedNotifications\",\"command\":\"O:48:\\\"Illuminate\\\\Notifications\\\\SendQueuedNotifications\\\":3:{s:11:\\\"notifiables\\\";O:45:\\\"Illuminate\\\\Contracts\\\\Database\\\\ModelIdentifier\\\":5:{s:5:\\\"class\\\";s:15:\\\"App\\\\Models\\\\User\\\";s:2:\\\"id\\\";a:1:{i:0;i:19;}s:9:\\\"relations\\\";a:0:{}s:10:\\\"connection\\\";s:5:\\\"mysql\\\";s:15:\\\"collectionClass\\\";N;}s:12:\\\"notification\\\";O:36:\\\"App\\\\Notifications\\\\VerifyEmailWithOtp\\\":2:{s:16:\\\"verificationCode\\\";s:6:\\\"101460\\\";s:2:\\\"id\\\";s:36:\\\"9791e6c2-3aa0-42c2-afdf-7f9b399e2055\\\";}s:8:\\\"channels\\\";a:1:{i:0;s:4:\\\"mail\\\";}}\"},\"createdAt\":1763388370,\"delay\":null}',0,NULL,1763388370,1763388370);
/*!40000 ALTER TABLE `jobs` ENABLE KEYS */;
UNLOCK TABLES;

--
-- Table structure for table `messages`
--

DROP TABLE IF EXISTS `messages`;
/*!40101 SET @saved_cs_client     = @@character_set_client */;
/*!50503 SET character_set_client = utf8mb4 */;
CREATE TABLE `messages` (
  `id` bigint unsigned NOT NULL AUTO_INCREMENT,
  `sender_id` bigint unsigned NOT NULL,
  `receiver_id` bigint unsigned NOT NULL,
  `body` text CHARACTER SET utf8mb4 COLLATE utf8mb4_unicode_ci NOT NULL,
  `read_at` timestamp NULL DEFAULT NULL,
  `created_at` timestamp NULL DEFAULT NULL,
  `updated_at` timestamp NULL DEFAULT NULL,
  PRIMARY KEY (`id`),
  KEY `messages_sender_id_foreign` (`sender_id`),
  KEY `messages_receiver_id_foreign` (`receiver_id`),
  KEY `messages_sender_id_receiver_id_index` (`sender_id`,`receiver_id`),
  KEY `messages_read_at_index` (`read_at`),
  CONSTRAINT `messages_receiver_id_foreign` FOREIGN KEY (`receiver_id`) REFERENCES `users` (`id`) ON DELETE CASCADE,
  CONSTRAINT `messages_sender_id_foreign` FOREIGN KEY (`sender_id`) REFERENCES `users` (`id`) ON DELETE CASCADE
) ENGINE=InnoDB AUTO_INCREMENT=10 DEFAULT CHARSET=utf8mb4 COLLATE=utf8mb4_unicode_ci;
/*!40101 SET character_set_client = @saved_cs_client */;

--
-- Dumping data for table `messages`
--

LOCK TABLES `messages` WRITE;
/*!40000 ALTER TABLE `messages` DISABLE KEYS */;
INSERT INTO `messages` VALUES (1,7,1,'kill',NULL,'2025-11-15 13:13:53','2025-11-15 13:13:53'),(2,7,1,'helow',NULL,'2025-11-15 13:14:03','2025-11-15 13:14:03'),(3,10,1,'عبرحمان','2025-11-16 11:46:04','2025-11-15 19:20:26','2025-11-15 19:20:26'),(4,1,10,'منهل خرا','2025-11-16 11:47:22','2025-11-16 11:46:30','2025-11-16 11:46:30'),(5,10,1,'جحش',NULL,'2025-11-16 11:47:33','2025-11-16 11:47:33'),(6,10,1,'ولاك نس',NULL,'2025-11-16 13:34:29','2025-11-16 13:34:29'),(7,13,10,'السلام عليكم ورحمة الله وبركاته','2025-11-17 08:22:44','2025-11-16 16:58:10','2025-11-16 16:58:10'),(8,10,13,'و عليكم السلام و رحمة الله و بركاته',NULL,'2025-11-17 08:23:07','2025-11-17 08:23:07'),(9,10,13,'تمام الامور؟',NULL,'2025-11-17 08:23:20','2025-11-17 08:23:20');
/*!40000 ALTER TABLE `messages` ENABLE KEYS */;
UNLOCK TABLES;

--
-- Table structure for table `migrations`
--

DROP TABLE IF EXISTS `migrations`;
/*!40101 SET @saved_cs_client     = @@character_set_client */;
/*!50503 SET character_set_client = utf8mb4 */;
CREATE TABLE `migrations` (
  `id` int unsigned NOT NULL AUTO_INCREMENT,
  `migration` varchar(255) CHARACTER SET utf8mb4 COLLATE utf8mb4_unicode_ci NOT NULL,
  `batch` int NOT NULL,
  PRIMARY KEY (`id`)
) ENGINE=InnoDB AUTO_INCREMENT=38 DEFAULT CHARSET=utf8mb4 COLLATE=utf8mb4_unicode_ci;
/*!40101 SET character_set_client = @saved_cs_client */;

--
-- Dumping data for table `migrations`
--

LOCK TABLES `migrations` WRITE;
/*!40000 ALTER TABLE `migrations` DISABLE KEYS */;
INSERT INTO `migrations` VALUES (1,'0001_01_01_000000_create_users_table',1),(2,'0001_01_01_000001_create_cache_table',1),(3,'0001_01_01_000002_create_jobs_table',1),(4,'2025_09_25_102927_create_personal_access_tokens_table',1),(5,'2025_09_25_201505_create_advertisements_table',1),(6,'2025_09_27_120322_user_ratings',1),(7,'2025_09_27_204818_create_car_ads_table',1),(8,'2025_09_28_033722_create_realestate_ads_table',1),(9,'2025_09_28_041910_create_car_ad_images_table',1),(10,'2025_09_28_042657_create_realestate_images_table',1),(11,'2025_10_08_110349_add_pending_email_to_users_table',1),(12,'2025_10_09_133046_add_name_last_updated_at_to_users_table',1),(13,'2025_10_09_140552_make_user_room_fields_nullable_in_users_table',1),(14,'2025_10_10_105357_add_message_to_user_ratings_table',2),(15,'2025_10_11_114034_change_status_and_fule_type_in_car_ads',3),(16,'2025_10_13_110648_create_ad_views_table',4),(17,'2025_10_15_121503_add_hls_url_to_realestate_ads_table',5),(18,'2025_10_14_090054_update_realestate_and_car_ads_tables',6),(19,'2025_10_14_135139_make_price_nullable_in_advertisements_table',6),(20,'2025_10_16_122450_make_description_nullable_in_advertisements_table',7),(21,'2025_10_18_133211_add_geo_location_to_advertisements_table',8),(22,'2025_10_19_090904_change_governorate_column_type_in_advertisements_table',9),(24,'2025_10_20_125627_add_video_type_to_realestate_ads_table',10),(25,'2025_10_20_122409_create_pending_advertisement_updates_table',11),(26,'2025_10_22_135830_add_views_count_and_ad_status_to_pending_advertisement_updates_table',12),(27,'2025_10_24_142526_create_daily_ad_counts_table',13),(28,'2025_10_24_115507_add_ads_num_to_users_table',14),(29,'2025_10_24_123736_rename_pending_advertisement_updates_to_pending_advertisements',14),(30,'2025_10_24_131707_add_approval_type_to_pending_advertisements_table',14),(31,'2025_11_03_100806_create_messages_table',15),(32,'2025_11_11_180632_create_user_reports_table',16),(33,'2025_11_12_180227_optimize_messages_indexes',16),(34,'2025_11_12_180023_optimize_messages_indexes',17),(35,'2025_11_17_090204_add_workflow_to_user_reports_table',18),(36,'2025_11_17_090310_create_user_strikes_table',18),(37,'2025_11_17_090414_add_penalty_columns_to_users_table',18);
/*!40000 ALTER TABLE `migrations` ENABLE KEYS */;
UNLOCK TABLES;

--
-- Table structure for table `password_reset_tokens`
--

DROP TABLE IF EXISTS `password_reset_tokens`;
/*!40101 SET @saved_cs_client     = @@character_set_client */;
/*!50503 SET character_set_client = utf8mb4 */;
CREATE TABLE `password_reset_tokens` (
  `email` varchar(255) CHARACTER SET utf8mb4 COLLATE utf8mb4_unicode_ci NOT NULL,
  `token` varchar(255) CHARACTER SET utf8mb4 COLLATE utf8mb4_unicode_ci NOT NULL,
  `created_at` timestamp NULL DEFAULT NULL,
  PRIMARY KEY (`email`)
) ENGINE=InnoDB DEFAULT CHARSET=utf8mb4 COLLATE=utf8mb4_unicode_ci;
/*!40101 SET character_set_client = @saved_cs_client */;

--
-- Dumping data for table `password_reset_tokens`
--

LOCK TABLES `password_reset_tokens` WRITE;
/*!40000 ALTER TABLE `password_reset_tokens` DISABLE KEYS */;
/*!40000 ALTER TABLE `password_reset_tokens` ENABLE KEYS */;
UNLOCK TABLES;

--
-- Table structure for table `pending_advertisements`
--

DROP TABLE IF EXISTS `pending_advertisements`;
/*!40101 SET @saved_cs_client     = @@character_set_client */;
/*!50503 SET character_set_client = utf8mb4 */;
CREATE TABLE `pending_advertisements` (
  `id` bigint unsigned NOT NULL AUTO_INCREMENT,
  `advertisement_id` bigint unsigned NOT NULL,
  `approval_type` enum('new','update') CHARACTER SET utf8mb4 COLLATE utf8mb4_unicode_ci NOT NULL DEFAULT 'update',
  `title` varchar(255) CHARACTER SET utf8mb4 COLLATE utf8mb4_unicode_ci DEFAULT NULL,
  `price` decimal(10,2) DEFAULT NULL,
  `description` text CHARACTER SET utf8mb4 COLLATE utf8mb4_unicode_ci,
  `transaction_type` varchar(255) CHARACTER SET utf8mb4 COLLATE utf8mb4_unicode_ci NOT NULL,
  `ad_status` varchar(255) CHARACTER SET utf8mb4 COLLATE utf8mb4_unicode_ci NOT NULL,
  `views_count` bigint unsigned NOT NULL DEFAULT '0',
  `governorate` varchar(255) CHARACTER SET utf8mb4 COLLATE utf8mb4_unicode_ci NOT NULL,
  `city` varchar(255) CHARACTER SET utf8mb4 COLLATE utf8mb4_unicode_ci NOT NULL,
  `geo_location` varchar(255) CHARACTER SET utf8mb4 COLLATE utf8mb4_unicode_ci DEFAULT NULL,
  `negotiable_check` tinyint(1) NOT NULL,
  `manufacturer` varchar(255) CHARACTER SET utf8mb4 COLLATE utf8mb4_unicode_ci DEFAULT NULL,
  `model` varchar(255) CHARACTER SET utf8mb4 COLLATE utf8mb4_unicode_ci DEFAULT NULL,
  `model_year` year DEFAULT NULL,
  `condition` varchar(255) CHARACTER SET utf8mb4 COLLATE utf8mb4_unicode_ci DEFAULT NULL,
  `gear` varchar(255) CHARACTER SET utf8mb4 COLLATE utf8mb4_unicode_ci DEFAULT NULL,
  `fuel_type` varchar(255) CHARACTER SET utf8mb4 COLLATE utf8mb4_unicode_ci DEFAULT NULL,
  `distance_traveled` bigint unsigned DEFAULT NULL,
  `realestate_type` varchar(255) CHARACTER SET utf8mb4 COLLATE utf8mb4_unicode_ci DEFAULT NULL,
  `detailed_address` varchar(255) CHARACTER SET utf8mb4 COLLATE utf8mb4_unicode_ci DEFAULT NULL,
  `area` decimal(8,2) DEFAULT NULL,
  `bedroom_num` smallint unsigned DEFAULT NULL,
  `bathroom_num` smallint unsigned DEFAULT NULL,
  `floor_num` smallint unsigned DEFAULT NULL,
  `building_status` varchar(255) CHARACTER SET utf8mb4 COLLATE utf8mb4_unicode_ci DEFAULT NULL,
  `cladding_condition` varchar(255) CHARACTER SET utf8mb4 COLLATE utf8mb4_unicode_ci DEFAULT NULL,
  `pending_media` json DEFAULT NULL,
  `created_at` timestamp NULL DEFAULT NULL,
  `updated_at` timestamp NULL DEFAULT NULL,
  PRIMARY KEY (`id`),
  KEY `pending_advertisement_updates_advertisement_id_foreign` (`advertisement_id`),
  CONSTRAINT `pending_advertisement_updates_advertisement_id_foreign` FOREIGN KEY (`advertisement_id`) REFERENCES `advertisements` (`id`) ON DELETE CASCADE
) ENGINE=InnoDB AUTO_INCREMENT=36 DEFAULT CHARSET=utf8mb4 COLLATE=utf8mb4_unicode_ci;
/*!40101 SET character_set_client = @saved_cs_client */;

--
-- Dumping data for table `pending_advertisements`
--

LOCK TABLES `pending_advertisements` WRITE;
/*!40000 ALTER TABLE `pending_advertisements` DISABLE KEYS */;
/*!40000 ALTER TABLE `pending_advertisements` ENABLE KEYS */;
UNLOCK TABLES;

--
-- Table structure for table `personal_access_tokens`
--

DROP TABLE IF EXISTS `personal_access_tokens`;
/*!40101 SET @saved_cs_client     = @@character_set_client */;
/*!50503 SET character_set_client = utf8mb4 */;
CREATE TABLE `personal_access_tokens` (
  `id` bigint unsigned NOT NULL AUTO_INCREMENT,
  `tokenable_type` varchar(255) CHARACTER SET utf8mb4 COLLATE utf8mb4_unicode_ci NOT NULL,
  `tokenable_id` bigint unsigned NOT NULL,
  `name` text CHARACTER SET utf8mb4 COLLATE utf8mb4_unicode_ci NOT NULL,
  `token` varchar(64) CHARACTER SET utf8mb4 COLLATE utf8mb4_unicode_ci NOT NULL,
  `abilities` text CHARACTER SET utf8mb4 COLLATE utf8mb4_unicode_ci,
  `last_used_at` timestamp NULL DEFAULT NULL,
  `expires_at` timestamp NULL DEFAULT NULL,
  `created_at` timestamp NULL DEFAULT NULL,
  `updated_at` timestamp NULL DEFAULT NULL,
  PRIMARY KEY (`id`),
  UNIQUE KEY `personal_access_tokens_token_unique` (`token`),
  KEY `personal_access_tokens_tokenable_type_tokenable_id_index` (`tokenable_type`,`tokenable_id`),
  KEY `personal_access_tokens_expires_at_index` (`expires_at`)
) ENGINE=InnoDB AUTO_INCREMENT=67 DEFAULT CHARSET=utf8mb4 COLLATE=utf8mb4_unicode_ci;
/*!40101 SET character_set_client = @saved_cs_client */;

--
-- Dumping data for table `personal_access_tokens`
--

LOCK TABLES `personal_access_tokens` WRITE;
/*!40000 ALTER TABLE `personal_access_tokens` DISABLE KEYS */;
INSERT INTO `personal_access_tokens` VALUES (1,'App\\Models\\User',1,'authToken','c0dc7beabe5c03e41b8c201978aaf74bde96321dffff9ef77e826ece4c31ea68','[\"*\"]',NULL,NULL,'2025-10-09 16:23:26','2025-10-09 16:23:26'),(3,'App\\Models\\User',2,'authToken','90b8f22301e08b815a6650375c68630695bd6ecf17149b704cbbba3ff55c136b','[\"*\"]',NULL,NULL,'2025-10-10 08:20:35','2025-10-10 08:20:35'),(4,'App\\Models\\User',2,'authToken','4b58af93a6d7c4851c28741bacaeecda3566c958c47ec26808867473546ce1d0','[\"*\"]','2025-10-10 08:21:39',NULL,'2025-10-10 08:21:39','2025-10-10 08:21:39'),(5,'App\\Models\\User',3,'authToken','a96be8bca6cd34b2e87fa82cd21ac17122b45d25033b34a1946960c1d2fbbf87','[\"*\"]','2025-10-10 08:45:19',NULL,'2025-10-10 08:34:19','2025-10-10 08:45:19'),(6,'App\\Models\\User',4,'authToken','9f86e9de6dff50becfaac4470f82a0e01dc402bbd84eaf2d91de22ab718371b1','[\"*\"]',NULL,NULL,'2025-10-10 08:40:22','2025-10-10 08:40:22'),(8,'App\\Models\\User',5,'authToken','cd9a7a229515b3ae8efb6291f6bc956c4d627c1aa927d111a313b829d55396e3','[\"*\"]','2025-10-10 08:59:30',NULL,'2025-10-10 08:57:37','2025-10-10 08:59:30'),(9,'App\\Models\\User',3,'authToken','b11991991f756eb11749c019adaa3132b158473bfaa814ee260c3a92ebe5fea7','[\"*\"]',NULL,NULL,'2025-10-11 09:06:08','2025-10-11 09:06:08'),(10,'App\\Models\\User',3,'authToken','977d8b301b35d257ba6155df7d66b365883a70f5b92eb6c9eb2b4bd62550d638','[\"*\"]','2025-10-13 04:43:58',NULL,'2025-10-12 13:34:20','2025-10-13 04:43:58'),(11,'App\\Models\\User',3,'authToken','4d072fb17381e9c7d38ca3c7e2015c697a66b484b15ae8243f590c857662d869','[\"*\"]',NULL,NULL,'2025-10-13 05:20:45','2025-10-13 05:20:45'),(13,'App\\Models\\User',3,'authToken','cbeda8c9ae50a7e2af80bd23641eaa8c4cf4c0a211d048c82e785af3c5311d16','[\"*\"]',NULL,NULL,'2025-10-16 11:25:11','2025-10-16 11:25:11'),(16,'App\\Models\\User',3,'authToken','0d039136a27c146899264c21ccbef36766c71bdeb014f2a7b364f502803232d2','[\"*\"]',NULL,NULL,'2025-10-18 11:46:29','2025-10-18 11:46:29'),(17,'App\\Models\\User',1,'authToken','2c31aa0b60ea7db233ecbfbb1a68e53b3d676f82304144d3092d9905f7467b79','[\"*\"]','2025-10-25 15:08:46',NULL,'2025-10-22 09:05:09','2025-10-25 15:08:46'),(18,'App\\Models\\User',6,'authToken','8b76a384daaaee85cfc02812d70fa46f4905a1ad87f91abccdfb3230db056b68','[\"*\"]','2025-10-24 13:05:49',NULL,'2025-10-24 10:50:19','2025-10-24 13:05:49'),(22,'App\\Models\\User',1,'authToken','afbea4d6f74b2e2f0c802390fe1f6684b3d265e96a91b0434f5a10433de0ff8c','[\"*\"]','2025-10-31 08:29:20',NULL,'2025-10-25 13:43:47','2025-10-31 08:29:20'),(23,'App\\Models\\User',1,'authToken','3360124e4f3c647e845c99596d5a5c50acb2e8a2de618e41b9b37606db72c111','[\"*\"]','2025-10-27 05:34:19',NULL,'2025-10-27 05:34:17','2025-10-27 05:34:19'),(24,'App\\Models\\User',1,'authToken','0684fd9f8694255815c65922dfebe084015d22fadfa6de0afee8834277b7e84c','[\"*\"]','2025-11-05 14:20:37',NULL,'2025-10-31 08:30:06','2025-11-05 14:20:37'),(25,'App\\Models\\User',1,'authToken','b4b933151d794e9ab0145a54193ee630348e45a1cd821dd2625e595eab90caa0','[\"*\"]',NULL,NULL,'2025-10-31 12:28:00','2025-10-31 12:28:00'),(26,'App\\Models\\User',1,'authToken','8c28a3d1246ac9bcc96650dc3e635c3c563559f83ae1bd19f936c68a1e3d8b11','[\"*\"]','2025-11-03 09:01:28',NULL,'2025-11-03 06:15:00','2025-11-03 09:01:28'),(27,'App\\Models\\User',1,'authToken','ea3b5ab893b5ad575c03f565b12b4da00d8fba32013612e004c073d8ee9414e9','[\"*\"]','2025-11-07 16:20:32',NULL,'2025-11-05 15:45:57','2025-11-07 16:20:32'),(28,'App\\Models\\User',1,'authToken','2d5251df31250454aa340f76a11513cc462d39557fcd27c1aac3d49cc6a38e12','[\"*\"]','2025-11-08 05:33:47',NULL,'2025-11-08 05:33:47','2025-11-08 05:33:47'),(29,'App\\Models\\User',1,'authToken','5652a20502e7b2576ea57fbc3a350274dfa2706c47748923d666ddfc44f939e6','[\"*\"]','2025-11-08 14:01:36',NULL,'2025-11-08 13:04:06','2025-11-08 14:01:36'),(31,'App\\Models\\User',1,'authToken','5179343a723073d5f2361294d87995045b741a20e83a36170686fc6df1fbf7ab','[\"*\"]','2025-11-09 09:13:55',NULL,'2025-11-09 08:51:18','2025-11-09 09:13:55'),(32,'App\\Models\\User',1,'authToken','1a704e7f397fb818c6a024c7a85cef1a76108cfc9009406e6eeb86c5ac9e3f1f','[\"*\"]','2025-11-09 10:44:48',NULL,'2025-11-09 10:01:28','2025-11-09 10:44:48'),(34,'App\\Models\\User',1,'authToken','2f5a2b720e1dd8164082ee10cf58b52afd20fe61965371bd8510b1fb1b7cbafb','[\"*\"]','2025-11-10 14:09:01',NULL,'2025-11-10 14:08:41','2025-11-10 14:09:01'),(35,'App\\Models\\User',1,'authToken','9b67cc2a96cdebfcedd55983ae56a3c2a037df89d47edc169ab956f59de593df','[\"*\"]','2025-11-12 18:28:59',NULL,'2025-11-11 16:46:44','2025-11-12 18:28:59'),(36,'App\\Models\\User',1,'authToken','260fd832bf7472fa9b327a8ccf6e76da7d599d8f8a5b0efcab628c6453b32c54','[\"*\"]','2025-11-12 18:52:10',NULL,'2025-11-12 18:32:22','2025-11-12 18:52:10'),(37,'App\\Models\\User',1,'authToken','9a607cbd4535621eae5083cbbefc1751988c5dac852c9d027269f04bfe573e87','[\"*\"]',NULL,NULL,'2025-11-12 19:25:56','2025-11-12 19:25:56'),(38,'App\\Models\\User',1,'authToken','29573229e1ced464a81303aa3e5bde25dc15b0c60cc9e0445175800d7bd8f197','[\"*\"]','2025-11-12 20:29:27',NULL,'2025-11-12 19:26:14','2025-11-12 20:29:27'),(39,'App\\Models\\User',1,'authToken','d7978d6eb1ace315b188b7222939727a7588dd76512afb4d03a1ff1446a64b41','[\"*\"]','2025-11-12 20:05:30',NULL,'2025-11-12 19:55:54','2025-11-12 20:05:30'),(42,'App\\Models\\User',1,'authToken','1b62587bb997933405f669e2f1fd03a7ff352057df76ca25b2b4b2265b28492b','[\"*\"]','2025-11-15 13:18:36',NULL,'2025-11-15 13:18:14','2025-11-15 13:18:36'),(43,'App\\Models\\User',1,'authToken','272452a96959f26e4a50c4006d93b581aa3e3de80db0e96d4039300cae7115fa','[\"*\"]','2025-11-16 11:44:51',NULL,'2025-11-15 14:12:40','2025-11-16 11:44:51'),(44,'App\\Models\\User',7,'authToken','5db0e9b0abfaa0b10e525f7557140b06715d7866f1492147dd50cb3a4642bf15','[\"*\"]','2025-11-15 14:21:12',NULL,'2025-11-15 14:16:03','2025-11-15 14:21:12'),(45,'App\\Models\\User',10,'authToken','1ef33ca731ecdf2bd13f63f42cce529069a6ed8dcfe4c012e876b335682dd2cb','[\"*\"]','2025-11-15 14:22:11',NULL,'2025-11-15 14:21:43','2025-11-15 14:22:11'),(46,'App\\Models\\User',12,'authToken','40312006857206782e76394f972a43e97ad39f43108570e35af465644e65c676','[\"*\"]','2025-11-15 14:22:40',NULL,'2025-11-15 14:22:18','2025-11-15 14:22:40'),(47,'App\\Models\\User',13,'authToken','42334e0e4237c38d9fd033c35b0a7ed978ddf7ab3629c630c18298f1da300ee5','[\"*\"]','2025-11-15 14:32:52',NULL,'2025-11-15 14:32:22','2025-11-15 14:32:52'),(48,'App\\Models\\User',1,'authToken','60c9b1aa4c1152847972914518b5156cc7775908000e6985a62270347a9621a9','[\"*\"]','2025-11-15 19:07:30',NULL,'2025-11-15 15:17:03','2025-11-15 19:07:30'),(49,'App\\Models\\User',10,'authToken','101ebb654332d15a570c67cbe6e12743c002fd561aebb07c7be589d9e2d5f5d2','[\"*\"]','2025-11-16 13:32:25',NULL,'2025-11-15 18:56:58','2025-11-16 13:32:25'),(52,'App\\Models\\User',1,'authToken','d3d1983fa62160d1fb7ed416fb59b2efc8eb547d2fda8eaa937c42a2f41fb393','[\"*\"]','2025-11-16 13:09:11',NULL,'2025-11-16 13:05:11','2025-11-16 13:09:11'),(53,'App\\Models\\User',1,'authToken','61e6a7820eb7795c6ababf2518b622f3293a5c28d195465b15411628cb8058ad','[\"*\"]','2025-11-16 13:43:46',NULL,'2025-11-16 13:14:55','2025-11-16 13:43:46'),(56,'App\\Models\\User',10,'authToken','95d5e83e07cc67f37cfcd9356d6ba3a6a1518a442120b8547a37c7bdfeedbc09','[\"*\"]',NULL,NULL,'2025-11-16 13:38:37','2025-11-16 13:38:37'),(59,'App\\Models\\User',13,'authToken','2e5f17cd073f67e7b4fdb127e271b2a3ddd086ef2c4a2c594511bc895015dda2','[\"*\"]','2025-11-16 16:47:49',NULL,'2025-11-16 16:47:32','2025-11-16 16:47:49'),(64,'App\\Models\\User',18,'authToken','7a8a6fdefe617dbf2e9210e90e2a372236a698ac660d4cba66161ba69d831c94','[\"*\"]','2025-11-17 13:49:25',NULL,'2025-11-17 13:49:08','2025-11-17 13:49:25'),(65,'App\\Models\\User',18,'authToken','8b63df8e21ff8e213bfc66b3025967265d408f9a5d111153ba200798074d523d','[\"*\"]','2025-11-17 13:50:42',NULL,'2025-11-17 13:50:32','2025-11-17 13:50:42');
/*!40000 ALTER TABLE `personal_access_tokens` ENABLE KEYS */;
UNLOCK TABLES;

--
-- Table structure for table `realestate_ads`
--

DROP TABLE IF EXISTS `realestate_ads`;
/*!40101 SET @saved_cs_client     = @@character_set_client */;
/*!50503 SET character_set_client = utf8mb4 */;
CREATE TABLE `realestate_ads` (
  `id` bigint unsigned NOT NULL AUTO_INCREMENT,
  `created_at` timestamp NULL DEFAULT NULL,
  `updated_at` timestamp NULL DEFAULT NULL,
  `ads_id` bigint unsigned NOT NULL,
  `realestate_type` enum('شقة','فيلا','محل تجاري','مكتب','أرض','مزرعة','شاليه','مستودع','سوق تجاري') CHARACTER SET utf8mb4 COLLATE utf8mb4_unicode_ci NOT NULL DEFAULT 'شقة',
  `detailed_address` varchar(255) CHARACTER SET utf8mb4 COLLATE utf8mb4_unicode_ci NOT NULL,
  `area` decimal(8,2) NOT NULL,
  `bedroom_num` int DEFAULT NULL,
  `bathroom_num` int DEFAULT NULL,
  `floor_num` int DEFAULT NULL,
  `building_status` enum('جاهز','على الهيكل','قيد الإنشاء') CHARACTER SET utf8mb4 COLLATE utf8mb4_unicode_ci NOT NULL DEFAULT 'جاهز',
  `cladding_condition` enum('جيد','جيد جداً','سوبر ديلوكس','عادي','بحاجة لتجديد','') CHARACTER SET utf8mb4 COLLATE utf8mb4_unicode_ci NOT NULL DEFAULT 'جيد',
  `negotiable_check` tinyint(1) NOT NULL DEFAULT '0',
  `video_url` varchar(255) CHARACTER SET utf8mb4 COLLATE utf8mb4_unicode_ci DEFAULT NULL,
  `hls_url` varchar(255) CHARACTER SET utf8mb4 COLLATE utf8mb4_unicode_ci DEFAULT NULL,
  `video_type` varchar(255) CHARACTER SET utf8mb4 COLLATE utf8mb4_unicode_ci DEFAULT NULL,
  PRIMARY KEY (`id`),
  UNIQUE KEY `realestate_ads_ads_id_unique` (`ads_id`),
  CONSTRAINT `realestate_ads_ads_id_foreign` FOREIGN KEY (`ads_id`) REFERENCES `advertisements` (`id`) ON DELETE CASCADE
) ENGINE=InnoDB AUTO_INCREMENT=80 DEFAULT CHARSET=utf8mb4 COLLATE=utf8mb4_unicode_ci;
/*!40101 SET character_set_client = @saved_cs_client */;

--
-- Dumping data for table `realestate_ads`
--

LOCK TABLES `realestate_ads` WRITE;
/*!40000 ALTER TABLE `realestate_ads` DISABLE KEYS */;
INSERT INTO `realestate_ads` VALUES (55,'2025-11-03 07:07:00','2025-11-03 07:07:00',75,'شقة','جانب جامع النوري',120.00,1,NULL,NULL,'جاهز','جيد',1,NULL,NULL,NULL),(56,'2025-11-03 07:09:42','2025-11-03 07:09:42',76,'فيلا','مقابل قصر المحافظ',1000.00,3,NULL,NULL,'جاهز','جيد',1,NULL,NULL,NULL),(57,'2025-11-03 07:13:50','2025-11-03 07:13:50',77,'شقة','جانب بيت الساورت',90.00,1,NULL,NULL,'جاهز','جيد',0,NULL,NULL,NULL),(58,'2025-11-03 07:16:43','2025-11-03 07:16:43',78,'مزرعة','ابو رمانة',2000.00,4,NULL,NULL,'جاهز','جيد',1,NULL,NULL,NULL),(59,'2025-11-03 07:18:20','2025-11-03 07:18:20',79,'محل تجاري','سوق البحصة',60.00,NULL,NULL,NULL,'جاهز','جيد',0,NULL,NULL,NULL),(76,'2025-11-10 14:07:36','2025-11-10 14:07:36',108,'شقة','jksnb',346.00,NULL,NULL,NULL,'جاهز','جيد',0,NULL,NULL,NULL),(78,'2025-11-15 19:15:15','2025-11-15 19:15:15',111,'شقة','حماه البياض',220.00,3,NULL,NULL,'جاهز','جيد',0,NULL,NULL,NULL),(79,'2025-11-16 13:22:36','2025-11-16 13:22:36',112,'شقة','قصور',100.00,NULL,NULL,NULL,'جاهز','جيد',0,NULL,NULL,NULL);
/*!40000 ALTER TABLE `realestate_ads` ENABLE KEYS */;
UNLOCK TABLES;

--
-- Table structure for table `realestate_images`
--

DROP TABLE IF EXISTS `realestate_images`;
/*!40101 SET @saved_cs_client     = @@character_set_client */;
/*!50503 SET character_set_client = utf8mb4 */;
CREATE TABLE `realestate_images` (
  `id` bigint unsigned NOT NULL AUTO_INCREMENT,
  `created_at` timestamp NULL DEFAULT NULL,
  `updated_at` timestamp NULL DEFAULT NULL,
  `realestate_ad_id` bigint unsigned NOT NULL,
  `image_url` varchar(255) CHARACTER SET utf8mb4 COLLATE utf8mb4_unicode_ci NOT NULL,
  PRIMARY KEY (`id`),
  KEY `realestate_images_realestate_ad_id_foreign` (`realestate_ad_id`),
  CONSTRAINT `realestate_images_realestate_ad_id_foreign` FOREIGN KEY (`realestate_ad_id`) REFERENCES `realestate_ads` (`id`) ON DELETE CASCADE
) ENGINE=InnoDB AUTO_INCREMENT=81 DEFAULT CHARSET=utf8mb4 COLLATE=utf8mb4_unicode_ci;
/*!40101 SET character_set_client = @saved_cs_client */;

--
-- Dumping data for table `realestate_images`
--

LOCK TABLES `realestate_images` WRITE;
/*!40000 ALTER TABLE `realestate_images` DISABLE KEYS */;
INSERT INTO `realestate_images` VALUES (59,'2025-11-03 07:07:00','2025-11-03 07:07:00',55,'images/real-estate/0t4fG44aCf5xex5029PTeCH5Zhx0FVRcgwAfn2jK.jpg'),(60,'2025-11-03 07:07:00','2025-11-03 07:07:00',55,'images/real-estate/C2lWLXTJeZ6YFQrJT0AuUK4u8fiYOGSeyGtPqKjp.jpg'),(61,'2025-11-03 07:09:42','2025-11-03 07:09:42',56,'images/real-estate/cpccd8rectaF95iwGZXOPbufch7Q82jgqWVz2noS.jpg'),(62,'2025-11-03 07:13:50','2025-11-03 07:13:50',57,'images/real-estate/tHNbfvzgkUQFvrSezaoobcnfrYGslVbn1CvNXMdC.jpg'),(63,'2025-11-03 07:16:43','2025-11-03 07:16:43',58,'images/real-estate/5seK9L0X9wRobeE2FM04Eng4ZV0vlYJ8OmQ0gFzi.jpg'),(64,'2025-11-03 07:18:20','2025-11-03 07:18:20',59,'images/real-estate/rekzZ8pi4DMJNN7IMgSCfNDMQZBkIpRf3OdPczpw.jpg'),(76,'2025-11-10 14:07:38','2025-11-10 14:07:38',76,'images/real-estate/76/og83jhaxv9kpengvni4a'),(78,'2025-11-15 19:15:18','2025-11-15 19:15:18',78,'images/real-estate/78/ut3o9dopux3j5ceixkdq'),(79,'2025-11-15 19:15:20','2025-11-15 19:15:20',78,'images/real-estate/78/eb1n38fokf9kbmzyd46m'),(80,'2025-11-16 13:22:38','2025-11-16 13:22:38',79,'images/real-estate/79/vbulfaoimmlpvpyi33uc');
/*!40000 ALTER TABLE `realestate_images` ENABLE KEYS */;
UNLOCK TABLES;

--
-- Table structure for table `sessions`
--

DROP TABLE IF EXISTS `sessions`;
/*!40101 SET @saved_cs_client     = @@character_set_client */;
/*!50503 SET character_set_client = utf8mb4 */;
CREATE TABLE `sessions` (
  `id` varchar(255) CHARACTER SET utf8mb4 COLLATE utf8mb4_unicode_ci NOT NULL,
  `user_id` bigint unsigned DEFAULT NULL,
  `ip_address` varchar(45) CHARACTER SET utf8mb4 COLLATE utf8mb4_unicode_ci DEFAULT NULL,
  `user_agent` text CHARACTER SET utf8mb4 COLLATE utf8mb4_unicode_ci,
  `payload` longtext CHARACTER SET utf8mb4 COLLATE utf8mb4_unicode_ci NOT NULL,
  `last_activity` int NOT NULL,
  PRIMARY KEY (`id`),
  KEY `sessions_user_id_index` (`user_id`),
  KEY `sessions_last_activity_index` (`last_activity`)
) ENGINE=InnoDB DEFAULT CHARSET=utf8mb4 COLLATE=utf8mb4_unicode_ci;
/*!40101 SET character_set_client = @saved_cs_client */;

--
-- Dumping data for table `sessions`
--

LOCK TABLES `sessions` WRITE;
/*!40000 ALTER TABLE `sessions` DISABLE KEYS */;
INSERT INTO `sessions` VALUES ('0HeDHmEHyM3tVYmMBKA88IEQINMqbC9tnibZJERo',NULL,'127.0.0.1','Go-http-client/1.1','YToyOntzOjY6Il90b2tlbiI7czo0MDoiZlFid0RqM2xXZjNYYU44b3ZRckJ3UXNOU011cTRqbDZOb1doVEJFSCI7czo2OiJfZmxhc2giO2E6Mjp7czozOiJvbGQiO2E6MDp7fXM6MzoibmV3IjthOjA6e319fQ==',1763380007),('1a7wxQFruJTNF9ngA0CgqVCGgCNvA2jCKVOw5wRQ',NULL,'127.0.0.1','Go-http-client/1.1','YToyOntzOjY6Il90b2tlbiI7czo0MDoibnpYa2g3dzQyZDVZY3dVRTA5bXhMd0JwU2xDdEdTZzZBdWRoMjdmMyI7czo2OiJfZmxhc2giO2E6Mjp7czozOiJvbGQiO2E6MDp7fXM6MzoibmV3IjthOjA6e319fQ==',1763389775),('1pCSFwRufUZqHrTZdri4STihTBAHm5MUcgJrBsHu',NULL,'127.0.0.1','Go-http-client/1.1','YToyOntzOjY6Il90b2tlbiI7czo0MDoiTGx6Z2FmSTZ0MHlmOTJKc3NBRTVacHNWSHhHY053N01NS0Z5T1psTSI7czo2OiJfZmxhc2giO2E6Mjp7czozOiJvbGQiO2E6MDp7fXM6MzoibmV3IjthOjA6e319fQ==',1763389752),('1vvoDMXDllcajNilBDDumaYQJnE9ItaeqcrAPjBi',NULL,'127.0.0.1','Go-http-client/1.1','YToyOntzOjY6Il90b2tlbiI7czo0MDoiU1NLdEp4SjUxZmZKWXhTV3VLcGo0YXpuUzQ5czF4ZjdnSTFBVlZtQSI7czo2OiJfZmxhc2giO2E6Mjp7czozOiJvbGQiO2E6MDp7fXM6MzoibmV3IjthOjA6e319fQ==',1763389938),('25aizVbHrhXzNV9qxrmYdEdjN33JOl2lc9Qkvd0K',NULL,'127.0.0.1','Go-http-client/2.0','YTozOntzOjY6Il90b2tlbiI7czo0MDoiOUFvWUVXU09CcHN1UExyUXR5Q0paU0Z6U1hEek5HM0pYalIwcVltYiI7czo5OiJfcHJldmlvdXMiO2E6Mjp7czozOiJ1cmwiO3M6Mjg6Imh0dHA6Ly9kYXl5ZWxoYS5vbnJlbmRlci5jb20iO3M6NToicm91dGUiO047fXM6NjoiX2ZsYXNoIjthOjI6e3M6Mzoib2xkIjthOjA6e31zOjM6Im5ldyI7YTowOnt9fX0=',1763294278),('2fNjUjItQX6b8se6JX54Hi7Kr5XXOnBaeXQ1HmVj',NULL,'127.0.0.1','Go-http-client/1.1','YToyOntzOjY6Il90b2tlbiI7czo0MDoiM2ZxRFFhdGhocVFQOWNkMGc2RVVpY0Fad2lYTUZaa3ROWE9XbXJUNCI7czo2OiJfZmxhc2giO2E6Mjp7czozOiJvbGQiO2E6MDp7fXM6MzoibmV3IjthOjA6e319fQ==',1763389282),('3J2VGWvJrbHKFJt1tCe5rhHJ7yb0nGoewodkQAVf',NULL,'127.0.0.1','Go-http-client/1.1','YToyOntzOjY6Il90b2tlbiI7czo0MDoiYzBQcnlIQVVkWkZQa3Nyb3NOWUJNWlIyeTFqcFl3RndEb1BZZ2hCOSI7czo2OiJfZmxhc2giO2E6Mjp7czozOiJvbGQiO2E6MDp7fXM6MzoibmV3IjthOjA6e319fQ==',1763389868),('4tXBScUY5vCZuWPmekauGhpK1thucdmSKbbEz0KA',NULL,'127.0.0.1','Go-http-client/1.1','YToyOntzOjY6Il90b2tlbiI7czo0MDoic3F1M2V1dVJ3S2dTRVpTS2s4UVdGTlN5c2FzS05UcFVsRzg2M2JXRyI7czo2OiJfZmxhc2giO2E6Mjp7czozOiJvbGQiO2E6MDp7fXM6MzoibmV3IjthOjA6e319fQ==',1763389723),('5cpNlXvaGzlZhHg60ryUlVxEGuxHiJwNVMZCdW5c',NULL,'127.0.0.1','Go-http-client/1.1','YToyOntzOjY6Il90b2tlbiI7czo0MDoiTmtGSGlDbXNnRW92N2ZVcG80aFhRYk5HM3dCMXN4Qlg3cHdNeDMwcyI7czo2OiJfZmxhc2giO2E6Mjp7czozOiJvbGQiO2E6MDp7fXM6MzoibmV3IjthOjA6e319fQ==',1763389659),('5SFRFdCLLoA3NAPHYqya3VWseMXnrZLlChlefp4G',NULL,'127.0.0.1','Go-http-client/1.1','YToyOntzOjY6Il90b2tlbiI7czo0MDoielNWV09uV201MHFncU0wWmY5OTg3QWRHUnlCaGdDQlQwTUNqZTVMeSI7czo2OiJfZmxhc2giO2E6Mjp7czozOiJvbGQiO2E6MDp7fXM6MzoibmV3IjthOjA6e319fQ==',1763389652),('5US6xocCly2C5qyfPHWemzxRkpmiW2gYn9id33p0',NULL,'127.0.0.1','Go-http-client/1.1','YToyOntzOjY6Il90b2tlbiI7czo0MDoieGF4RER3OExSS2lRdENiS0VyTkZVR1NpRTFqTVlIQmZuNmJ6VjFaaCI7czo2OiJfZmxhc2giO2E6Mjp7czozOiJvbGQiO2E6MDp7fXM6MzoibmV3IjthOjA6e319fQ==',1763389414),('5uZwahsAgJsrhXBvbGitmIGC6tSQ3e9KWqZ1eVZv',NULL,'127.0.0.1','Go-http-client/1.1','YToyOntzOjY6Il90b2tlbiI7czo0MDoidG9OU1UzdzJsQXpkNEZWYlpKU25Ib2xGdnJwc3k2ZDI1MDNKUUk2QyI7czo2OiJfZmxhc2giO2E6Mjp7czozOiJvbGQiO2E6MDp7fXM6MzoibmV3IjthOjA6e319fQ==',1763389748),('623Yo5kcCy1zBHzZCs20U83FE2hRvetrDeSAnio3',NULL,'127.0.0.1','Go-http-client/1.1','YToyOntzOjY6Il90b2tlbiI7czo0MDoiWjZnVTh5NXZ5MHJFcnRsa3pSYmFjcFhKQVlmWGZpUTg0NXBCRjJWMiI7czo2OiJfZmxhc2giO2E6Mjp7czozOiJvbGQiO2E6MDp7fXM6MzoibmV3IjthOjA6e319fQ==',1763389730),('6BvR2NhP6ZY0ewwxi2Ojqq61Y5x4OApMt57v1Lmc',NULL,'127.0.0.1','Go-http-client/1.1','YToyOntzOjY6Il90b2tlbiI7czo0MDoiWm9abm44TThtakZlZHlmazBtbzhSaGVEVDZoYUQzRVdBMHlnOFpIUCI7czo2OiJfZmxhc2giO2E6Mjp7czozOiJvbGQiO2E6MDp7fXM6MzoibmV3IjthOjA6e319fQ==',1763389462),('7hPaHOCevFFMouIdXkfqetXEn35TuLU7HPdep13m',NULL,'127.0.0.1','Go-http-client/1.1','YToyOntzOjY6Il90b2tlbiI7czo0MDoiV1lmSmF2UkhIbzdVQnRrdkFuOXNWUDlqdnBsTTlMNHUxV1VzNXJXaSI7czo2OiJfZmxhc2giO2E6Mjp7czozOiJvbGQiO2E6MDp7fXM6MzoibmV3IjthOjA6e319fQ==',1763389785),('7KJcPKjl0CR0aPZ0aGgJ9xlrSbTCGm35CJfYUlhG',NULL,'127.0.0.1','Go-http-client/1.1','YToyOntzOjY6Il90b2tlbiI7czo0MDoibzNITDhQTWtsWjZBdWVrZ1pGYzBOeW5GRVF6R3ZQNGVnOWkxbE5YdiI7czo2OiJfZmxhc2giO2E6Mjp7czozOiJvbGQiO2E6MDp7fXM6MzoibmV3IjthOjA6e319fQ==',1763389688),('7Pa6gtdD1uAppij1d0UioR6KW4sr76YEQDoi9T8T',NULL,'127.0.0.1','Go-http-client/1.1','YToyOntzOjY6Il90b2tlbiI7czo0MDoiZ3RFOXJvZHpjNjg1Q1NmUURKV256dkpBRnQ4Y2pxalVXNnR4TTZJRCI7czo2OiJfZmxhc2giO2E6Mjp7czozOiJvbGQiO2E6MDp7fXM6MzoibmV3IjthOjA6e319fQ==',1763389906),('7yOCanX6g6yClxJGTYRXzzbHodvRIyaAvZ46VWxi',NULL,'127.0.0.1','Mozilla/5.0 (Windows NT 10.0; Win64; x64) AppleWebKit/537.36 (KHTML, like Gecko) Chrome/142.0.0.0 Safari/537.36 Edg/142.0.0.0','YTozOntzOjY6Il90b2tlbiI7czo0MDoiN3RNQjduSXk5SzdZOHZjYUFJcm9yc3FHMjdIalNIQXRldDM1d0J3ciI7czo5OiJfcHJldmlvdXMiO2E6Mjp7czozOiJ1cmwiO3M6Mjg6Imh0dHA6Ly9kYXl5ZWxoYS5vbnJlbmRlci5jb20iO3M6NToicm91dGUiO047fXM6NjoiX2ZsYXNoIjthOjI6e3M6Mzoib2xkIjthOjA6e31zOjM6Im5ldyI7YTowOnt9fX0=',1763386926),('8DGyfAgMqGflatCIeuiCbQuZ3duU1BnpvGOEjHnh',NULL,'127.0.0.1','Go-http-client/1.1','YToyOntzOjY6Il90b2tlbiI7czo0MDoiWFBqYmQyc0pTc3dXTGsxYmNMaVNJcm5NSG93S1RwZHBYRTc3R2pQdSI7czo2OiJfZmxhc2giO2E6Mjp7czozOiJvbGQiO2E6MDp7fXM6MzoibmV3IjthOjA6e319fQ==',1763389828),('8FWfmefkFzcX55QpjHQOFuGzF2cv9iUyO79pCxpZ',NULL,'127.0.0.1','Go-http-client/1.1','YToyOntzOjY6Il90b2tlbiI7czo0MDoidmwzSHhUMzVMeE9TUEREN3NDSzl3aUU5RGNUMUdYbXh3STRsendLSiI7czo2OiJfZmxhc2giO2E6Mjp7czozOiJvbGQiO2E6MDp7fXM6MzoibmV3IjthOjA6e319fQ==',1763389703),('9gN3VVOBvuTujMFHEYMSeVKfVY7wqR4gUqxN0UO7',NULL,'127.0.0.1','Go-http-client/1.1','YToyOntzOjY6Il90b2tlbiI7czo0MDoiNGZwZ3U0R0t0TGdDYnZhUEFCRG5ydVAzcTFIajJaeDdtTzhHWTY1ViI7czo2OiJfZmxhc2giO2E6Mjp7czozOiJvbGQiO2E6MDp7fXM6MzoibmV3IjthOjA6e319fQ==',1763389758),('9K0QJ3jkPtrke5xv3UCYDg5DcdW63RftFInGfk8u',NULL,'127.0.0.1','Go-http-client/1.1','YToyOntzOjY6Il90b2tlbiI7czo0MDoiRmd5TmdBY3M4N2xycG81TlQyYTZjVXBUb1I3dmk1eDlTclgzQzZPNCI7czo2OiJfZmxhc2giO2E6Mjp7czozOiJvbGQiO2E6MDp7fXM6MzoibmV3IjthOjA6e319fQ==',1763389822),('9ZtNkp7i8ILfBnyYTsbgaRGCX30Cx5nKaUdyZL1Z',NULL,'127.0.0.1','Go-http-client/1.1','YToyOntzOjY6Il90b2tlbiI7czo0MDoiRzNzcG0zMU84WGpaUHJCNmxKbjVmaTB1dVdVcm40YW02ZFlPU2NTcyI7czo2OiJfZmxhc2giO2E6Mjp7czozOiJvbGQiO2E6MDp7fXM6MzoibmV3IjthOjA6e319fQ==',1763389600),('a7I6B3dfe6PrTKKQG2NE5ELbzfs9iGINRJmma1vm',NULL,'127.0.0.1','Go-http-client/1.1','YToyOntzOjY6Il90b2tlbiI7czo0MDoibVNFUXpXMzg2d3JscDBwN0lYaTVzMEJCQXRpN2xtRzdqdjRsVmM5TSI7czo2OiJfZmxhc2giO2E6Mjp7czozOiJvbGQiO2E6MDp7fXM6MzoibmV3IjthOjA6e319fQ==',1763389417),('aovfxyPz4sjxxJoSmskjKsSfCaIxgbjg0k5qHyc7',NULL,'127.0.0.1','Go-http-client/1.1','YToyOntzOjY6Il90b2tlbiI7czo0MDoiWGNIdUJVVFU5OGZLeVV1RVRkbWM2YkFGZGRoNjN2NHVIMzNkaWZtaiI7czo2OiJfZmxhc2giO2E6Mjp7czozOiJvbGQiO2E6MDp7fXM6MzoibmV3IjthOjA6e319fQ==',1763389762),('bCZbdPWSPze80RolwhNebZd0FdIySwzbYTo15aq1',NULL,'127.0.0.1','Go-http-client/1.1','YToyOntzOjY6Il90b2tlbiI7czo0MDoiQllxQkFCaUNXRlJRZXdWNlFQM0lrTFExcTA0ejhVZWllZE45QnJrZCI7czo2OiJfZmxhc2giO2E6Mjp7czozOiJvbGQiO2E6MDp7fXM6MzoibmV3IjthOjA6e319fQ==',1763389669),('biQCeXBNwHiwLvZQPhPAchU1tGKvVQb0SGyufSFh',NULL,'127.0.0.1','Go-http-client/1.1','YToyOntzOjY6Il90b2tlbiI7czo0MDoiVTJwWFF6MTUyTVFaUDA1bW9kR0NoWVUwd3pWR2F1a1dQV1dVQmFiaCI7czo2OiJfZmxhc2giO2E6Mjp7czozOiJvbGQiO2E6MDp7fXM6MzoibmV3IjthOjA6e319fQ==',1763389956),('BUb0JlQzLTM3xzyceDUGaEVlqXs7QUYueHe7PD2f',NULL,'127.0.0.1','Go-http-client/1.1','YToyOntzOjY6Il90b2tlbiI7czo0MDoiWmtybW5JZlI5WXl6R0tSMllJR21oUVJmd2FEVnZpb21sQjBJVjdIQiI7czo2OiJfZmxhc2giO2E6Mjp7czozOiJvbGQiO2E6MDp7fXM6MzoibmV3IjthOjA6e319fQ==',1763389673),('bxnTJqUKlaE69k39t5g60bWxzxfYqpmodI62sZsC',NULL,'127.0.0.1','Go-http-client/1.1','YToyOntzOjY6Il90b2tlbiI7czo0MDoic0ZZaG4yUmJTVzNidnJ1ZXJINHlMRjhxNGh3OEM5RlpQcjVMQkFvbyI7czo2OiJfZmxhc2giO2E6Mjp7czozOiJvbGQiO2E6MDp7fXM6MzoibmV3IjthOjA6e319fQ==',1763389885),('bXWm89BPRF5tdV7dmkJ6w6zSUNBytgS9fv52clMh',NULL,'127.0.0.1','Go-http-client/1.1','YToyOntzOjY6Il90b2tlbiI7czo0MDoiTUtVazR0dUxTSTl5Z1Y4dWpjSDJjYUFaTFpXejBvQnFSdTdKZWJLVSI7czo2OiJfZmxhc2giO2E6Mjp7czozOiJvbGQiO2E6MDp7fXM6MzoibmV3IjthOjA6e319fQ==',1763389607),('c7ObLQfiaOittqoO1a0JldT11zbpDnByg2aL8tnC',NULL,'127.0.0.1','Go-http-client/1.1','YToyOntzOjY6Il90b2tlbiI7czo0MDoiVXpHNGwwd2JWT1NFbTZKbEg5RlpGQzhkWk54MVl1VWd3TnpYanBnMCI7czo2OiJfZmxhc2giO2E6Mjp7czozOiJvbGQiO2E6MDp7fXM6MzoibmV3IjthOjA6e319fQ==',1763389495),('cAmdGYQYMxQqLi4ytSfRUL5D3d79418FzjHk0UBW',NULL,'127.0.0.1','Go-http-client/1.1','YToyOntzOjY6Il90b2tlbiI7czo0MDoiS2FYWWZDbHZuTVYwdU5jYldHQzFOMnpNNTJvQkpVYUJOVEM3MWdFSiI7czo2OiJfZmxhc2giO2E6Mjp7czozOiJvbGQiO2E6MDp7fXM6MzoibmV3IjthOjA6e319fQ==',1763389812),('CbrCk6P3BbO9WaSjxy3z7r4UWl74abuYDF8f7lqR',NULL,'127.0.0.1','Go-http-client/1.1','YToyOntzOjY6Il90b2tlbiI7czo0MDoiQWE5cnlNcmhPS3VSd3k1eks0V1dSUm4wM1ZaRkdEdTBCd0xtenJFViI7czo2OiJfZmxhc2giO2E6Mjp7czozOiJvbGQiO2E6MDp7fXM6MzoibmV3IjthOjA6e319fQ==',1763389559),('chEQfZoyrmhBi6ecyzPu5MCeFGx4z5AnNSF1kHDM',NULL,'127.0.0.1','Go-http-client/1.1','YToyOntzOjY6Il90b2tlbiI7czo0MDoiSEZjWnpINW5KM0dWc1VkWVg4b0JVVGpPMXZveU53THNjZDFFMXpidSI7czo2OiJfZmxhc2giO2E6Mjp7czozOiJvbGQiO2E6MDp7fXM6MzoibmV3IjthOjA6e319fQ==',1763389677),('cnrKSqbAlW8MKSAgtl47a4a47TiLdaACakLYTclb',NULL,'127.0.0.1','Go-http-client/2.0','YTozOntzOjY6Il90b2tlbiI7czo0MDoidFQ4TEZ2ekk2TmZPcFdhZ0ZKc1dWSjZ1UE9nNVRXbUh0MjRKa1lsaiI7czo5OiJfcHJldmlvdXMiO2E6Mjp7czozOiJ1cmwiO3M6Mjg6Imh0dHA6Ly9kYXl5ZWxoYS5vbnJlbmRlci5jb20iO3M6NToicm91dGUiO047fXM6NjoiX2ZsYXNoIjthOjI6e3M6Mzoib2xkIjthOjA6e31zOjM6Im5ldyI7YTowOnt9fX0=',1763295695),('COYZFvTrfrm1voMrCycqpcbBzPdg4iDIwnliYuRt',NULL,'127.0.0.1','Go-http-client/1.1','YToyOntzOjY6Il90b2tlbiI7czo0MDoiSWtsbXRWQXY2ZFJuclZsQURmVFlpWGZFN1RXMTBmZ3NBUE4zeXdEQyI7czo2OiJfZmxhc2giO2E6Mjp7czozOiJvbGQiO2E6MDp7fXM6MzoibmV3IjthOjA6e319fQ==',1763389825),('cPWnROGL6rMeuGHtlGkXSv4mf2PgY1pEBaZkcPe7',NULL,'127.0.0.1','Go-http-client/1.1','YToyOntzOjY6Il90b2tlbiI7czo0MDoiamVPSVdKTXdxWnhFNUNqSmJxQ2xpdUphZGNCZ3g2aFlBYWR1M3hVSCI7czo2OiJfZmxhc2giO2E6Mjp7czozOiJvbGQiO2E6MDp7fXM6MzoibmV3IjthOjA6e319fQ==',1763389535),('cT3DoEFSDsP2Bc5JO9E1SQhvarjepLLGsYljlJ6x',NULL,'127.0.0.1','Go-http-client/1.1','YToyOntzOjY6Il90b2tlbiI7czo0MDoiYWVySWkwZWlvMER0ZzlUcVg4TnR1aTFEdmpZWThCbWdZVkZkS3NJUSI7czo2OiJfZmxhc2giO2E6Mjp7czozOiJvbGQiO2E6MDp7fXM6MzoibmV3IjthOjA6e319fQ==',1763389336),('CVng4HT7AyHjwtLpjg29rksWbMJcgh4QcfqdIRd3',NULL,'127.0.0.1','Go-http-client/1.1','YToyOntzOjY6Il90b2tlbiI7czo0MDoiT1RlQ3lXTmsyWWRnaG13ZFdCNk9OekJkMHVWdHhwY0RZeXYxVGZudCI7czo2OiJfZmxhc2giO2E6Mjp7czozOiJvbGQiO2E6MDp7fXM6MzoibmV3IjthOjA6e319fQ==',1763389740),('CymAI69NkWxKpQ9P3Xg96n1yYRdcV3hurPgRFqoj',NULL,'127.0.0.1','Go-http-client/1.1','YToyOntzOjY6Il90b2tlbiI7czo0MDoiZzNmTmFqbThMajJ3UUZNVHNVcWJ3Ym5qUEtOUlpPNWtBeHZwNDJnRiI7czo2OiJfZmxhc2giO2E6Mjp7czozOiJvbGQiO2E6MDp7fXM6MzoibmV3IjthOjA6e319fQ==',1763389899),('dfNbloUei1rsl7IVw24MBvRurBA1f6NaWwpB5wdG',NULL,'127.0.0.1','Go-http-client/1.1','YToyOntzOjY6Il90b2tlbiI7czo0MDoiQ3RrMDBGT255UzVvSEpBT3pnN3dvMjhqcVpWVFJkcXZoR3l2eVNGTyI7czo2OiJfZmxhc2giO2E6Mjp7czozOiJvbGQiO2E6MDp7fXM6MzoibmV3IjthOjA6e319fQ==',1763389795),('dJyR8qQukQQq4ac8soADYBfePa2l4w4isTk8VCAZ',NULL,'127.0.0.1','Go-http-client/1.1','YToyOntzOjY6Il90b2tlbiI7czo0MDoiOFBFZXV5VVladjlkR0VTSlJKM3p4cVVqN01kSlBRSGswTXIxMHFxdyI7czo2OiJfZmxhc2giO2E6Mjp7czozOiJvbGQiO2E6MDp7fXM6MzoibmV3IjthOjA6e319fQ==',1763389744),('dSTMeoAwWWg5HS0yGkJqAAtbjH6WR2H0H0JrofgC',NULL,'127.0.0.1','Go-http-client/1.1','YToyOntzOjY6Il90b2tlbiI7czo0MDoiaGsxQmZsSG1VUVlBaTYzZDY3aUhRRkpBS3VucmUwdEtFdXJERkhLMSI7czo2OiJfZmxhc2giO2E6Mjp7czozOiJvbGQiO2E6MDp7fXM6MzoibmV3IjthOjA6e319fQ==',1763465476),('dWS9xMpCXa3fgD59VqwgOy6HHzlU7xuWDLXl1Z0p',NULL,'127.0.0.1','Go-http-client/1.1','YToyOntzOjY6Il90b2tlbiI7czo0MDoiZGQ2OVBWTkJuenh3SzJFY2l1TWFRNkZmRjVxY0o0MWFEamQ0VG1udSI7czo2OiJfZmxhc2giO2E6Mjp7czozOiJvbGQiO2E6MDp7fXM6MzoibmV3IjthOjA6e319fQ==',1763389791),('eDjMGcAVocg7YT7BcKfyJfozUfXGUaWYnyliQW1C',NULL,'127.0.0.1','Go-http-client/1.1','YToyOntzOjY6Il90b2tlbiI7czo0MDoiUmhFQUxacnlxY2drR3Ftajl2S1g3M3ZvV3dnSGhIQ2VubGN5TUFaMCI7czo2OiJfZmxhc2giO2E6Mjp7czozOiJvbGQiO2E6MDp7fXM6MzoibmV3IjthOjA6e319fQ==',1763389649),('egDTDvKPVCJPhJ5Cud2qR3amCgh7NAFmQ1RwGJc1',NULL,'127.0.0.1','Go-http-client/1.1','YToyOntzOjY6Il90b2tlbiI7czo0MDoiZHFBbm04aUU4U1NVckNCNFA5YmFycUY0Ym1XYzhsMkZ3aHVlRjBnbiI7czo2OiJfZmxhc2giO2E6Mjp7czozOiJvbGQiO2E6MDp7fXM6MzoibmV3IjthOjA6e319fQ==',1763389708),('ek9WkdO2DyXd9guFP2lJ0cr62WCUkd9nYgspkv2j',NULL,'127.0.0.1','Go-http-client/1.1','YToyOntzOjY6Il90b2tlbiI7czo0MDoiRzdUMGlCQ05yd21CcHJnTVFtdGRyaWhveWV6SzRLV3lxcEkwNE5HSyI7czo2OiJfZmxhc2giO2E6Mjp7czozOiJvbGQiO2E6MDp7fXM6MzoibmV3IjthOjA6e319fQ==',1763389411),('eS1zw9qO7rne3etkDWrIxqho9EPj2MddO5GbHwVD',NULL,'127.0.0.1','Go-http-client/1.1','YToyOntzOjY6Il90b2tlbiI7czo0MDoiT2x6N1dlbXByZlJmbzB1RUJ5MHVyUnZvT1ROdkJHSWpDMk0xOTNFViI7czo2OiJfZmxhc2giO2E6Mjp7czozOiJvbGQiO2E6MDp7fXM6MzoibmV3IjthOjA6e319fQ==',1763389768),('etURZ6H97bLiERslrj67Nni9R3RGEBovZLbDLiUd',NULL,'127.0.0.1','Go-http-client/1.1','YToyOntzOjY6Il90b2tlbiI7czo0MDoiZEJ1S21FZTU2dFJMMk43bHdkTHZVZVc3UzNma3ZKS3NEQm9aR2REUyI7czo2OiJfZmxhc2giO2E6Mjp7czozOiJvbGQiO2E6MDp7fXM6MzoibmV3IjthOjA6e319fQ==',1763389289),('exTiKOi8bPzX0hn0GFIxqe0Vc2JIeaCQccunRlAa',NULL,'127.0.0.1','Go-http-client/1.1','YToyOntzOjY6Il90b2tlbiI7czo0MDoibXk0cXM0VE9tckRYY3hWWmZYM2JGYklPYXUzQUc0M2hFZENLemVUWCI7czo2OiJfZmxhc2giO2E6Mjp7czozOiJvbGQiO2E6MDp7fXM6MzoibmV3IjthOjA6e319fQ==',1763380010),('FcQtO1veekF5gCI948ASazsc9yQgC9UmjutjD2Mt',NULL,'127.0.0.1','Go-http-client/1.1','YToyOntzOjY6Il90b2tlbiI7czo0MDoiVHRxMFplYnhwZTlOUmt3bVN1RmdScEJIaVdDcHhJWVh5U3BRbnZEcCI7czo2OiJfZmxhc2giO2E6Mjp7czozOiJvbGQiO2E6MDp7fXM6MzoibmV3IjthOjA6e319fQ==',1763389432),('fIYi4L9kawvNVnSPyFwseA46New4nJrLfVWF2N3H',NULL,'127.0.0.1','Go-http-client/2.0','YTozOntzOjY6Il90b2tlbiI7czo0MDoiaHVJWHpKdEJvczg0NDJJajQ5cXRwTm5qaGloZmVIdHFoOG9Qem1vaCI7czo5OiJfcHJldmlvdXMiO2E6Mjp7czozOiJ1cmwiO3M6Mjg6Imh0dHA6Ly9kYXl5ZWxoYS5vbnJlbmRlci5jb20iO3M6NToicm91dGUiO047fXM6NjoiX2ZsYXNoIjthOjI6e3M6Mzoib2xkIjthOjA6e31zOjM6Im5ldyI7YTowOnt9fX0=',1763299814),('fZpwTo9iIysek95siRczQ69n3DMLhd3lDeYgYirM',NULL,'127.0.0.1','Go-http-client/1.1','YToyOntzOjY6Il90b2tlbiI7czo0MDoiaURxWndLWk9CN0Q4Wk9jNzV3ckxDMVlwUjVRREdrdkswbVlkMkpBQyI7czo2OiJfZmxhc2giO2E6Mjp7czozOiJvbGQiO2E6MDp7fXM6MzoibmV3IjthOjA6e319fQ==',1763389859),('Gn3i50YUmZgq9qJ4tDre6ZwiHLQQOZ83ZIXPFYlv',NULL,'127.0.0.1','Go-http-client/1.1','YToyOntzOjY6Il90b2tlbiI7czo0MDoia3V6c283ZE5GWWllZ2pjTnp1YmNhNEttMm5aRDlTWTVkdVl4cDk4OSI7czo2OiJfZmxhc2giO2E6Mjp7czozOiJvbGQiO2E6MDp7fXM6MzoibmV3IjthOjA6e319fQ==',1763389380),('GtE8SPCfiVhSc41WpJmd2rqGSmd3Qi7X2oWOpptc',NULL,'127.0.0.1','Go-http-client/1.1','YToyOntzOjY6Il90b2tlbiI7czo0MDoiRVNkSmNlSnJIbERjcDUxaXh5WGFVMWxpc1ZLaWJCOWdVOTJpY0pKRSI7czo2OiJfZmxhc2giO2E6Mjp7czozOiJvbGQiO2E6MDp7fXM6MzoibmV3IjthOjA6e319fQ==',1763389896),('hCApq3uGNo9GRPco5QL6PcUrAVSM16Yo3ddk09db',NULL,'127.0.0.1','Go-http-client/1.1','YToyOntzOjY6Il90b2tlbiI7czo0MDoiU2hsZVhzUmlUSE9JMEx6cVhsaUZqbHdlTDUzREFMdGRMb0s5eW9yRyI7czo2OiJfZmxhc2giO2E6Mjp7czozOiJvbGQiO2E6MDp7fXM6MzoibmV3IjthOjA6e319fQ==',1763389538),('HF6tvUsYsdjyETGKBdEUwksmZ4pXXlv0gLqkVzjX',NULL,'127.0.0.1','Go-http-client/1.1','YToyOntzOjY6Il90b2tlbiI7czo0MDoiU1FZZ0pDNjNVd0lRczVyYjB1elRuM2I3Z0l1MTVSaEI2VTRiMEJNTSI7czo2OiJfZmxhc2giO2E6Mjp7czozOiJvbGQiO2E6MDp7fXM6MzoibmV3IjthOjA6e319fQ==',1763389576),('HnqXRXujbgkSlnsQasnGlgXbuC9uFoNPYDC9qLZm',NULL,'127.0.0.1','Go-http-client/1.1','YToyOntzOjY6Il90b2tlbiI7czo0MDoialB2VGY4dzNWbjBQM0Q1ckxaak5tRzFKNXQyMXJsNGRJbk1hSUdwZSI7czo2OiJfZmxhc2giO2E6Mjp7czozOiJvbGQiO2E6MDp7fXM6MzoibmV3IjthOjA6e319fQ==',1763389300),('HoJycZ6Spg5OE7dwqPEnU0VPPmJesA5qyUqDftg4',NULL,'127.0.0.1','Go-http-client/1.1','YToyOntzOjY6Il90b2tlbiI7czo0MDoiUDB4R0VkY1dkaGxKWkFmNjBCVnlFS3dLbDdzRHdSdXlNZnRjRXI4MyI7czo2OiJfZmxhc2giO2E6Mjp7czozOiJvbGQiO2E6MDp7fXM6MzoibmV3IjthOjA6e319fQ==',1763294271),('hQEemeXk8PS96Fm5w0xiL8sTcekm2y0hV99CjLSV',NULL,'127.0.0.1','Go-http-client/1.1','YToyOntzOjY6Il90b2tlbiI7czo0MDoiVEJtUG9oZ1RZSFNQaldaWWpoSmk5Y1NRa0pNSHFtMFd1YUVTN1VIcyI7czo2OiJfZmxhc2giO2E6Mjp7czozOiJvbGQiO2E6MDp7fXM6MzoibmV3IjthOjA6e319fQ==',1763389726),('hTqKY53Ie4BcDtEabqemMvy8D5JNwGtQn9vobjwC',NULL,'127.0.0.1','Go-http-client/1.1','YToyOntzOjY6Il90b2tlbiI7czo0MDoiT1V4UWVGek4zSUNDUXRVVVY5eVhSa1p4WlRwMTVVQ0Q3b2NJQXR3USI7czo2OiJfZmxhc2giO2E6Mjp7czozOiJvbGQiO2E6MDp7fXM6MzoibmV3IjthOjA6e319fQ==',1763389696),('I96HQzEaaVaWrvIpZS3HHtOKoyUNssLAQYXXDmdi',NULL,'127.0.0.1','Go-http-client/1.1','YToyOntzOjY6Il90b2tlbiI7czo0MDoidmtUbDg1UDhMR1Z2VHYzT2VXWFdOcDFkUUZYRG91U3VSa1lLbHo2MCI7czo2OiJfZmxhc2giO2E6Mjp7czozOiJvbGQiO2E6MDp7fXM6MzoibmV3IjthOjA6e319fQ==',1763389656),('IEEILFqgXHf2VVSF6gRqaMpXRJzWB3oJxjCgqg4a',NULL,'127.0.0.1','Go-http-client/1.1','YToyOntzOjY6Il90b2tlbiI7czo0MDoiVnRWVmNrV1JkREZaM1FyTU9LNEQyd2VjeTVpY3pzOTBRcFNHU3RObCI7czo2OiJfZmxhc2giO2E6Mjp7czozOiJvbGQiO2E6MDp7fXM6MzoibmV3IjthOjA6e319fQ==',1763389627),('igqndZrJZslLGId6VGBx9MK75Toi0UyT11kLpBeT',NULL,'127.0.0.1','Go-http-client/1.1','YToyOntzOjY6Il90b2tlbiI7czo0MDoiSEhDY2Fpb1JoQ3o4YklFMGQzTTBMQ1g2SncwSzZySklTUUpBb1Z0YSI7czo2OiJfZmxhc2giO2E6Mjp7czozOiJvbGQiO2E6MDp7fXM6MzoibmV3IjthOjA6e319fQ==',1763389808),('j3jeyz0VfuVqCwSwhs2VI8KPzKaA5a9vQNRYeF9Y',NULL,'127.0.0.1','Go-http-client/1.1','YToyOntzOjY6Il90b2tlbiI7czo0MDoiQThqZDlKOWVobHpVYUNrYW5wNjdIV3Ayb1ZwRTV6emlTUEtQRHJmNyI7czo2OiJfZmxhc2giO2E6Mjp7czozOiJvbGQiO2E6MDp7fXM6MzoibmV3IjthOjA6e319fQ==',1763389842),('j6qfZyCPtdPZzzbxztEiISDUZ4elpq3xundDRCyz',NULL,'127.0.0.1','Go-http-client/2.0','YTozOntzOjY6Il90b2tlbiI7czo0MDoid0NBbGVBZzNVSzRNcWJNWEt2blMxRmFZMXY4N2NVM0hzRWZRSDQ2dyI7czo5OiJfcHJldmlvdXMiO2E6Mjp7czozOiJ1cmwiO3M6Mjg6Imh0dHA6Ly9kYXl5ZWxoYS5vbnJlbmRlci5jb20iO3M6NToicm91dGUiO047fXM6NjoiX2ZsYXNoIjthOjI6e3M6Mzoib2xkIjthOjA6e31zOjM6Im5ldyI7YTowOnt9fX0=',1763297774),('jFEVgyw23TJ5S4x3n0t7zv3IK7PPmApS4kTCXkBX',NULL,'127.0.0.1','Go-http-client/1.1','YToyOntzOjY6Il90b2tlbiI7czo0MDoibzBHSXpxdDdsQTAwRkU0TGhnV3ZZNnR2azFVcWpmTWtJVEZRZ0czUSI7czo2OiJfZmxhc2giO2E6Mjp7czozOiJvbGQiO2E6MDp7fXM6MzoibmV3IjthOjA6e319fQ==',1763389713),('jjtMGR4M6X466af4W7H447H6i8xjcpFXuNFjKACQ',NULL,'127.0.0.1','Go-http-client/1.1','YToyOntzOjY6Il90b2tlbiI7czo0MDoiQmdGUVRHT3g2alhOdVdQajNzdnRvSGpLNUhLdUgydnIyeXEySTJhYSI7czo2OiJfZmxhc2giO2E6Mjp7czozOiJvbGQiO2E6MDp7fXM6MzoibmV3IjthOjA6e319fQ==',1763389909),('jrGAM7aEMqUbyIF2WYKMCcw9tXVQnQqFNUn89nx0',NULL,'127.0.0.1','Go-http-client/1.1','YToyOntzOjY6Il90b2tlbiI7czo0MDoiZTZQWk5NdDZYbW54bHNERXFPUUl1aTZwanNPeUNaMlVGRnJLRk96MiI7czo2OiJfZmxhc2giO2E6Mjp7czozOiJvbGQiO2E6MDp7fXM6MzoibmV3IjthOjA6e319fQ==',1763389484),('JY9dCRPhEkam0qvNCBG8HmPspTK1z14C8gjWSAwy',NULL,'127.0.0.1','Go-http-client/1.1','YToyOntzOjY6Il90b2tlbiI7czo0MDoiQ2ZYSERJM2swUUxPRzdBdVhkbFBFbW9ES2ZWUVI1WElVb2ZSUzNaUiI7czo2OiJfZmxhc2giO2E6Mjp7czozOiJvbGQiO2E6MDp7fXM6MzoibmV3IjthOjA6e319fQ==',1763389478),('k0R1C3ouJkx1mH9pq8axN2YfqbAEiw68yDHVNNnJ',NULL,'127.0.0.1','Go-http-client/1.1','YToyOntzOjY6Il90b2tlbiI7czo0MDoiZUEzNW50d1BzbzBVQ2hZNE5sQ0lNdEZ6NDhZcjdrbGYxSTVQc0hDdyI7czo2OiJfZmxhc2giO2E6Mjp7czozOiJvbGQiO2E6MDp7fXM6MzoibmV3IjthOjA6e319fQ==',1763389596),('kfAi9hdO6Z6YR3BEiqkawto8yu8QZUeTykZM4sWb',NULL,'127.0.0.1','Mozilla/5.0 (Windows NT 10.0; Win64; x64) AppleWebKit/537.36 (KHTML, like Gecko) Chrome/142.0.0.0 Safari/537.36 Edg/142.0.0.0','YTozOntzOjY6Il90b2tlbiI7czo0MDoiem1scjNvUzRUQ3k4SzNpSmIyVXVLenZJR1JzeXA0Z0JObnlzSE5pYyI7czo5OiJfcHJldmlvdXMiO2E6Mjp7czozOiJ1cmwiO3M6Mjg6Imh0dHA6Ly9kYXl5ZWxoYS5vbnJlbmRlci5jb20iO3M6NToicm91dGUiO047fXM6NjoiX2ZsYXNoIjthOjI6e3M6Mzoib2xkIjthOjA6e31zOjM6Im5ldyI7YTowOnt9fX0=',1763301650),('KMJAyqEcuFN9qOWmojz1RZOrlYvsDkH0aAoFfK8v',NULL,'127.0.0.1','Go-http-client/1.1','YToyOntzOjY6Il90b2tlbiI7czo0MDoieHVxVkFRZDB4a0Y5YjI2ZlVSQ0kzcjNGVXhBNU5JN1NwQzZIRTVhZCI7czo2OiJfZmxhc2giO2E6Mjp7czozOiJvbGQiO2E6MDp7fXM6MzoibmV3IjthOjA6e319fQ==',1763389475),('KPRUIxYcF9q87dYJX6xiCR3QMnfipN8VfW8vOqqH',NULL,'127.0.0.1','Go-http-client/1.1','YToyOntzOjY6Il90b2tlbiI7czo0MDoiejlvWWtzRm0wcGhGZEs5M05kWUxkZEJTejRGV25qcXZmcDlFWGp6UyI7czo2OiJfZmxhc2giO2E6Mjp7czozOiJvbGQiO2E6MDp7fXM6MzoibmV3IjthOjA6e319fQ==',1763389303),('KXyFmOT3OwwE4o0yOQ6GUUic2VwhqXPWcYnbPRCo',NULL,'127.0.0.1','Go-http-client/1.1','YToyOntzOjY6Il90b2tlbiI7czo0MDoidTNyUjFyM0VNZkpUT0s0SEI1cEt4Q0JMUDdHMUhrZlFRTHRlZGdzSiI7czo2OiJfZmxhc2giO2E6Mjp7czozOiJvbGQiO2E6MDp7fXM6MzoibmV3IjthOjA6e319fQ==',1763389920),('l1PLXFSOwyR0afh3PuNKS92pJZkCVdycTedrepDZ',NULL,'127.0.0.1','Go-http-client/1.1','YToyOntzOjY6Il90b2tlbiI7czo0MDoidXpiaGJwY0UxYzdJcWZKd1VQMUREQkthR2dLUG9ZUTJFQThyR3N6ayI7czo2OiJfZmxhc2giO2E6Mjp7czozOiJvbGQiO2E6MDp7fXM6MzoibmV3IjthOjA6e319fQ==',1763389591),('L9CsVvru7lUJU7jwauUoNylxxPW3zVmfH5889q6s',NULL,'127.0.0.1','Go-http-client/1.1','YToyOntzOjY6Il90b2tlbiI7czo0MDoiUlBsVlhFWWgwRTVqWE5uZ1JubnpjU3NyY282bm9aWXNLZk1sYmJDNyI7czo2OiJfZmxhc2giO2E6Mjp7czozOiJvbGQiO2E6MDp7fXM6MzoibmV3IjthOjA6e319fQ==',1763389733),('LAZqYvT1hHF5zVjcDfkt3qE6NDKdiIVAs1l8Beur',NULL,'127.0.0.1','Go-http-client/1.1','YToyOntzOjY6Il90b2tlbiI7czo0MDoiN0UwRm9LbDNMbnFqQ2I0dEFkRzBUdXpudnJQTmpZMTAxbmlzcWpkcyI7czo2OiJfZmxhc2giO2E6Mjp7czozOiJvbGQiO2E6MDp7fXM6MzoibmV3IjthOjA6e319fQ==',1763389277),('LLMB4LeNMdNIRXdj3E9m7jp4ERTKpILm0c8jt6lC',NULL,'127.0.0.1','Go-http-client/1.1','YToyOntzOjY6Il90b2tlbiI7czo0MDoicjl1NFpPbW5rQnc3YktreDNid01CTlhiN3ZORzhtSVpJSnNwZm1aRiI7czo2OiJfZmxhc2giO2E6Mjp7czozOiJvbGQiO2E6MDp7fXM6MzoibmV3IjthOjA6e319fQ==',1763465534),('lt5QSyEBMOvAPZ3VfXu4LqmjwBWj97r3emlA9s0u',NULL,'127.0.0.1','Go-http-client/1.1','YToyOntzOjY6Il90b2tlbiI7czo0MDoiZzJKbFZ5UWZJVmpIMXBHaWtqdlFqVEQ3aXhxeGNZcnUzNDBiRlVjMSI7czo2OiJfZmxhc2giO2E6Mjp7czozOiJvbGQiO2E6MDp7fXM6MzoibmV3IjthOjA6e319fQ==',1763389374),('m6PjzDFR2XAJVu07s6QUvJh8stGJnoakXoZjBm2k',NULL,'127.0.0.1','Go-http-client/1.1','YToyOntzOjY6Il90b2tlbiI7czo0MDoiMTExWkV1WDZrejYwVkdZR1ZSYTNyZllaQWJUbW9FWnhYSnVmaVR2MCI7czo2OiJfZmxhc2giO2E6Mjp7czozOiJvbGQiO2E6MDp7fXM6MzoibmV3IjthOjA6e319fQ==',1763389818),('md9we16BXpaPDnquGtW6now0NtwEOxpqalocmN4Q',NULL,'127.0.0.1','Go-http-client/1.1','YToyOntzOjY6Il90b2tlbiI7czo0MDoiN1kzeEZJWFV1c2htRVVVSDdtNEpJNkRoSG12aFlSWXZFeE5ZV3lSbiI7czo2OiJfZmxhc2giO2E6Mjp7czozOiJvbGQiO2E6MDp7fXM6MzoibmV3IjthOjA6e319fQ==',1763389663),('mFKXmqphTLVr2H3XMJwZw2pfsZXAp9U2207qlltc',NULL,'127.0.0.1','Go-http-client/1.1','YToyOntzOjY6Il90b2tlbiI7czo0MDoiUU1sc0RIQUIwbDRyVkZXb01jUkkxYTJlUEg1SW5vV0xobTZJRHJtWSI7czo2OiJfZmxhc2giO2E6Mjp7czozOiJvbGQiO2E6MDp7fXM6MzoibmV3IjthOjA6e319fQ==',1763389882),('MIxrTwo1OpsI4OEx6ICMJk7fu5UrVqM7oSiNCa4J',NULL,'127.0.0.1','Go-http-client/1.1','YToyOntzOjY6Il90b2tlbiI7czo0MDoiTmdCMDE5TzByQjNZRmYzTUFCYUhKbDg4VVQ4NEsyQ0FmbWNBMlZPayI7czo2OiJfZmxhc2giO2E6Mjp7czozOiJvbGQiO2E6MDp7fXM6MzoibmV3IjthOjA6e319fQ==',1763389685),('MJQRMT7Sb4dpuhIElcG06FzzFCgFdHcKJh8eqQEB',NULL,'127.0.0.1','Go-http-client/1.1','YToyOntzOjY6Il90b2tlbiI7czo0MDoia09mdU1tY25JbndxQVlXQTZPOVFmTWo2MHY5OXVWazBVVmJwNk1hZyI7czo2OiJfZmxhc2giO2E6Mjp7czozOiJvbGQiO2E6MDp7fXM6MzoibmV3IjthOjA6e319fQ==',1763389872),('mkc4FZviekBasK4F2p7bObZsltKimzcYPZN4kStX',NULL,'127.0.0.1','Go-http-client/1.1','YToyOntzOjY6Il90b2tlbiI7czo0MDoidDk2c0NBNEF3bXZ0NEIzd0lRaEtFTmM1aUNLUGtZbExjd3luakVvQiI7czo2OiJfZmxhc2giO2E6Mjp7czozOiJvbGQiO2E6MDp7fXM6MzoibmV3IjthOjA6e319fQ==',1763389927),('MNIN89StQBrQ6ygfdBWhmzScPpY1G88PK7wLkrE2',NULL,'127.0.0.1','Go-http-client/1.1','YToyOntzOjY6Il90b2tlbiI7czo0MDoiWm9kbXpGbXBEWkxZMHlMRWNlNlZXamdxSXFHckMzTXdFVXdmTE1PRCI7czo2OiJfZmxhc2giO2E6Mjp7czozOiJvbGQiO2E6MDp7fXM6MzoibmV3IjthOjA6e319fQ==',1763389692),('MutM1wJnPaBRxFHBxaKh7MQXEdIHcdTWDsgOx9NX',NULL,'127.0.0.1','Go-http-client/1.1','YToyOntzOjY6Il90b2tlbiI7czo0MDoicEJ6RTdNUGJlMzJtU1BQRmJHc0JoelRLRU1uUno5bGRaQ2Q3bmQybSI7czo2OiJfZmxhc2giO2E6Mjp7czozOiJvbGQiO2E6MDp7fXM6MzoibmV3IjthOjA6e319fQ==',1763389408),('mWJwUDrHTCMI8hglocxj1mjlzlP2JE6jb90F2XBr',NULL,'127.0.0.1','Go-http-client/1.1','YToyOntzOjY6Il90b2tlbiI7czo0MDoiVjVtdkZBRUZBVHdJN3dTTjB5VTZzaGVEb1YwU2pCTGUzN2EzVHZIQSI7czo2OiJfZmxhc2giO2E6Mjp7czozOiJvbGQiO2E6MDp7fXM6MzoibmV3IjthOjA6e319fQ==',1763389835),('n4AlGsye2ptc7lsU9vwCaeohaLR32pMscKeUhEIR',NULL,'127.0.0.1','Go-http-client/1.1','YToyOntzOjY6Il90b2tlbiI7czo0MDoiekRLaWZLUDlBVjJuc0dGSWlYWmNnYlM4dTVnYnNDbXdoblJoSnhiMSI7czo2OiJfZmxhc2giO2E6Mjp7czozOiJvbGQiO2E6MDp7fXM6MzoibmV3IjthOjA6e319fQ==',1763389646),('njjKyoDEuCHXda5H5096VMrQp7DRZH03QihCVEna',NULL,'127.0.0.1','Go-http-client/1.1','YToyOntzOjY6Il90b2tlbiI7czo0MDoid3BBTENMVklMeXhWekQzd2hLcW1RQjZCUWU1MnFFaUV6Q0p5akZPZCI7czo2OiJfZmxhc2giO2E6Mjp7czozOiJvbGQiO2E6MDp7fXM6MzoibmV3IjthOjA6e319fQ==',1763389466),('Nk0b0pjH1AkKmNEqwhH6dYJY6C8jzZSp8twIJLGX',NULL,'127.0.0.1','Go-http-client/1.1','YToyOntzOjY6Il90b2tlbiI7czo0MDoiamZFVXhPejRIbVA3M0tvSFVPQVhxWHM2S2tQVVRkR2JZYURGS1I1diI7czo2OiJfZmxhc2giO2E6Mjp7czozOiJvbGQiO2E6MDp7fXM6MzoibmV3IjthOjA6e319fQ==',1763389875),('NtxvmHiOdOCOep4moYQFF3TGsxVPjyPWb6PXXHIr',NULL,'127.0.0.1','Go-http-client/1.1','YToyOntzOjY6Il90b2tlbiI7czo0MDoiRU5GVnBpbjhnUURmRlBuRDhzWlNqdVBHN000eXVyR1VvSDdIcUZHTCI7czo2OiJfZmxhc2giO2E6Mjp7czozOiJvbGQiO2E6MDp7fXM6MzoibmV3IjthOjA6e319fQ==',1763389903),('O8V1OZn3qJGWsfBh6aXigu0280mA7iBeEHSKVjM2',NULL,'127.0.0.1','Go-http-client/1.1','YToyOntzOjY6Il90b2tlbiI7czo0MDoia1hwQ1J0dkNKVlR5b24zcjV1bDhOMTg3NFczQkNhNE1COWc5bnJmSiI7czo2OiJfZmxhc2giO2E6Mjp7czozOiJvbGQiO2E6MDp7fXM6MzoibmV3IjthOjA6e319fQ==',1763389946),('oi02pAOF7paQjFa1YiAUAHptezpgXhCDEzZhAPYj',NULL,'127.0.0.1','Go-http-client/1.1','YToyOntzOjY6Il90b2tlbiI7czo0MDoiN2dxcmViYmRMemFodHpDMEgxcEMzdElxVEpYMWdSaEZZa05KblZTbiI7czo2OiJfZmxhc2giO2E6Mjp7czozOiJvbGQiO2E6MDp7fXM6MzoibmV3IjthOjA6e319fQ==',1763389838),('OTEZ372LPSxAs5PYRvfQGTFZWIZC4EKiOHQg9gb3',NULL,'127.0.0.1','Go-http-client/1.1','YToyOntzOjY6Il90b2tlbiI7czo0MDoid2NxMm9YRmx1SVFnZEpma1E1UU5lRzJENVM5NWZoT0kwYU9kcVYwOSI7czo2OiJfZmxhc2giO2E6Mjp7czozOiJvbGQiO2E6MDp7fXM6MzoibmV3IjthOjA6e319fQ==',1763298877),('P367cKGjpyE63auzYzrXDhevCS4TCh4zkONfdnsz',NULL,'127.0.0.1','Go-http-client/1.1','YToyOntzOjY6Il90b2tlbiI7czo0MDoiaG5jQk5VSTNLUTJQd0RBMHV0bEN6SExVbUwySDBXdWtDU21OdmNuMSI7czo2OiJfZmxhc2giO2E6Mjp7czozOiJvbGQiO2E6MDp7fXM6MzoibmV3IjthOjA6e319fQ==',1763295686),('P698IzEgEoazmWV5tYwRAIlnO9P1iHXLptq9nwMC',NULL,'127.0.0.1','Go-http-client/1.1','YToyOntzOjY6Il90b2tlbiI7czo0MDoib25DdVFYOW5jemZtUktGWGVqbzRxUUh4bGVEQmVnR1dGYkdUUE9rZiI7czo2OiJfZmxhc2giO2E6Mjp7czozOiJvbGQiO2E6MDp7fXM6MzoibmV3IjthOjA6e319fQ==',1763389394),('P8ipR4tVgqKTAXuAcA6LhAuYtuxO8nEZkeGCeMwK',NULL,'127.0.0.1','Go-http-client/1.1','YToyOntzOjY6Il90b2tlbiI7czo0MDoiVXJxMlZOOWpBWkF1YnNXVldTSXlsT1drMmpIVWpXSG9FbGxxZVVMYiI7czo2OiJfZmxhc2giO2E6Mjp7czozOiJvbGQiO2E6MDp7fXM6MzoibmV3IjthOjA6e319fQ==',1763389736),('pCbFQgxAQh2CslCebawqdb6RicnYIIKS9qMEMN98',NULL,'127.0.0.1','Go-http-client/1.1','YToyOntzOjY6Il90b2tlbiI7czo0MDoiQ1VuaHBpZnA5T29na1BRWllxTUxZUXFhd0twdTd6d255QlhQZWJDQSI7czo2OiJfZmxhc2giO2E6Mjp7czozOiJvbGQiO2E6MDp7fXM6MzoibmV3IjthOjA6e319fQ==',1763389862),('pd8JwNBps8livvSCMa3hcX2x09Ny2kFcop4sgul8',NULL,'127.0.0.1','Go-http-client/1.1','YToyOntzOjY6Il90b2tlbiI7czo0MDoiVDhiWlY1MVJFU01KVnBhR3hIR29ReDRJRzRsazhUaGgzMGV3bzJ5ZCI7czo2OiJfZmxhc2giO2E6Mjp7czozOiJvbGQiO2E6MDp7fXM6MzoibmV3IjthOjA6e319fQ==',1763389444),('pGtG9SMqoufGReoB5bJQUwutPiuzABGH2hxXkobJ',NULL,'127.0.0.1','Go-http-client/1.1','YToyOntzOjY6Il90b2tlbiI7czo0MDoiNDBpZERIVjN4VFVKdktsalJNaGNXMUJNTExDVUxWVlZpanJmTGJhRSI7czo2OiJfZmxhc2giO2E6Mjp7czozOiJvbGQiO2E6MDp7fXM6MzoibmV3IjthOjA6e319fQ==',1763389755),('PiiGFcWNtX5wNSHqzh3AlqhNUqCY9HZiLQTdWx0r',NULL,'127.0.0.1','Go-http-client/1.1','YToyOntzOjY6Il90b2tlbiI7czo0MDoicHFadDU5UVY2eHBIQmtFVXh3RlBQSk82Y3pDVkhpcW9WV2Z5TmNpWCI7czo2OiJfZmxhc2giO2E6Mjp7czozOiJvbGQiO2E6MDp7fXM6MzoibmV3IjthOjA6e319fQ==',1763389717),('pm5OgbGc553E6qwniraXWR3yygkHp8nprJMBvCzf',NULL,'127.0.0.1','Go-http-client/1.1','YToyOntzOjY6Il90b2tlbiI7czo0MDoiRFdPNnBkdmM5WThuMmJUa0haTWNlR0dLVmxMaGJrd2Z3bmFsSGFyNCI7czo2OiJfZmxhc2giO2E6Mjp7czozOiJvbGQiO2E6MDp7fXM6MzoibmV3IjthOjA6e319fQ==',1763389487),('pORwINkZaziiIgy7tdR79m9D4yQt5XgVGXwMgxln',NULL,'127.0.0.1','Go-http-client/1.1','YToyOntzOjY6Il90b2tlbiI7czo0MDoiSE1NeXJIM082Umh4NmRaM1hZNUN5OWswQnFVd05ObXZSU2xXWWxjdCI7czo2OiJfZmxhc2giO2E6Mjp7czozOiJvbGQiO2E6MDp7fXM6MzoibmV3IjthOjA6e319fQ==',1763389934),('QsRNqU5P2rKNehsLZa1awFCHi4zB4bV1Vz1DVVII',NULL,'127.0.0.1','Go-http-client/1.1','YToyOntzOjY6Il90b2tlbiI7czo0MDoicXZINFc0Y1N1M1pwZjJwd3FRbWtsUzloNWtKdnoxNWxDcXpUUHNKUSI7czo2OiJfZmxhc2giO2E6Mjp7czozOiJvbGQiO2E6MDp7fXM6MzoibmV3IjthOjA6e319fQ==',1763389854),('r15x9QD9IRbsb4ONKjEW1Fw5AvulfDIfKmukfV62',NULL,'127.0.0.1','Go-http-client/1.1','YToyOntzOjY6Il90b2tlbiI7czo0MDoidHpKZzRIOHFDdGkzeWRwNWpFSVZ1Q3JLdDU4c05YeENnc09Vc0lqaSI7czo2OiJfZmxhc2giO2E6Mjp7czozOiJvbGQiO2E6MDp7fXM6MzoibmV3IjthOjA6e319fQ==',1763389941),('R1I4GSmtdnpttxOR7WrMGGz9wzXfkMaJ0keCY6S8',NULL,'127.0.0.1','Go-http-client/1.1','YToyOntzOjY6Il90b2tlbiI7czo0MDoiSXV1MmVwU0tPVVMzeG5iNzRNbU5oaml5MllBRmZrckU4OWxTMjU4QSI7czo2OiJfZmxhc2giO2E6Mjp7czozOiJvbGQiO2E6MDp7fXM6MzoibmV3IjthOjA6e319fQ==',1763389892),('r2n4Bkn8q2F2SGgdjniZkrSrM9rJAPV2O12Jc9Ik',NULL,'127.0.0.1','Go-http-client/1.1','YToyOntzOjY6Il90b2tlbiI7czo0MDoiYjVlYnFDcGVmNm9UMzFUdU44dWlOa1VWT2x6RW91NnZiZ1BLbXZiOSI7czo2OiJfZmxhc2giO2E6Mjp7czozOiJvbGQiO2E6MDp7fXM6MzoibmV3IjthOjA6e319fQ==',1763389930),('R9r0NvNGvgtJq8yWxZF6b8qaYdG2hN0bRNOh5jty',NULL,'127.0.0.1','Go-http-client/1.1','YToyOntzOjY6Il90b2tlbiI7czo0MDoib3pSaVBnaVFPZ2o1MXdIQXZxY2QzSXVnN0lkejhzNkNsRFFiNU9JYSI7czo2OiJfZmxhc2giO2E6Mjp7czozOiJvbGQiO2E6MDp7fXM6MzoibmV3IjthOjA6e319fQ==',1763298874),('RKnjxsFwV2YCPkhQhgYBiodLpDEMjq6JOLGmB5Qv',NULL,'127.0.0.1','Go-http-client/1.1','YToyOntzOjY6Il90b2tlbiI7czo0MDoiM250V3k1Q2U2bnh4dk1yM3BQUjdhWWZsVDJnOHR4RXd2cTNvZTZTYiI7czo2OiJfZmxhc2giO2E6Mjp7czozOiJvbGQiO2E6MDp7fXM6MzoibmV3IjthOjA6e319fQ==',1763389387),('rL9bHtA3t3o1v41vENBVlexnvClkBppLlAgVBmp5',NULL,'127.0.0.1','Go-http-client/1.1','YToyOntzOjY6Il90b2tlbiI7czo0MDoiQXdKZGhpY0VqbGxlTkthRDRGY3lpcll2NXkwUGprU2ZDWktsWGowSCI7czo2OiJfZmxhc2giO2E6Mjp7czozOiJvbGQiO2E6MDp7fXM6MzoibmV3IjthOjA6e319fQ==',1763389801),('rOu1oUW4FavpvDGHssGzraq3ZlECQBR78py7bkjC',NULL,'127.0.0.1','Go-http-client/1.1','YToyOntzOjY6Il90b2tlbiI7czo0MDoiREZ4R2hmY0tid3lJcldEVHNYMTZXazc1N2MzVU5jeUtmMkR2dXBSdSI7czo2OiJfZmxhc2giO2E6Mjp7czozOiJvbGQiO2E6MDp7fXM6MzoibmV3IjthOjA6e319fQ==',1763389779),('RUzxeFu6flGHjiguHdP6Xkk6MK9VLQIoQuykbImf',NULL,'127.0.0.1','Go-http-client/1.1','YToyOntzOjY6Il90b2tlbiI7czo0MDoiZklxYnk3eWhXM0V4UWtvSXM3Mk5uSlJhWnNFbFdGVTVzQzNFcEtJRCI7czo2OiJfZmxhc2giO2E6Mjp7czozOiJvbGQiO2E6MDp7fXM6MzoibmV3IjthOjA6e319fQ==',1763299805),('rV4BwfEvzW6aLLgo9LOfj4B5GMcxsVSGUSOVZbQW',NULL,'127.0.0.1','Go-http-client/1.1','YToyOntzOjY6Il90b2tlbiI7czo0MDoiNU5QZFpoRUZndXpFUExwMjd2ODhHa2sxdExaYkZ0UUZmM1Rpa1VoWCI7czo2OiJfZmxhc2giO2E6Mjp7czozOiJvbGQiO2E6MDp7fXM6MzoibmV3IjthOjA6e319fQ==',1763294275),('sQoE8ibRbN2qXErEmKufdko4q09P5h6m8eCdR0a8',NULL,'127.0.0.1','Go-http-client/2.0','YTozOntzOjY6Il90b2tlbiI7czo0MDoiWXRFaTZuWXdXZkVYZlFrVUlwdUJrWHpieklkWlpJVkVqOGJmeFRFWiI7czo5OiJfcHJldmlvdXMiO2E6Mjp7czozOiJ1cmwiO3M6Mjg6Imh0dHA6Ly9kYXl5ZWxoYS5vbnJlbmRlci5jb20iO3M6NToicm91dGUiO047fXM6NjoiX2ZsYXNoIjthOjI6e3M6Mzoib2xkIjthOjA6e31zOjM6Im5ldyI7YTowOnt9fX0=',1763465482),('SR4K1J5h3Ub43zJx6EPsu03g9myTeW26IVG5r1vG',NULL,'127.0.0.1','Go-http-client/1.1','YToyOntzOjY6Il90b2tlbiI7czo0MDoiMG5PMGE0SWVRR09Db3M1MFJJaGJkTW9HazdSNkVleTdEcDVUQ2VSWSI7czo2OiJfZmxhc2giO2E6Mjp7czozOiJvbGQiO2E6MDp7fXM6MzoibmV3IjthOjA6e319fQ==',1763295690),('Swslfc7A8yUUxHovVtZjYXSAEGPyT0RMA2Ms8B76',NULL,'127.0.0.1','Go-http-client/1.1','YToyOntzOjY6Il90b2tlbiI7czo0MDoiNFoxdkJHdXh2ZGE0akMwb2o2dkZLclN4YTl6am9pZG5RZ09ic2RHTCI7czo2OiJfZmxhc2giO2E6Mjp7czozOiJvbGQiO2E6MDp7fXM6MzoibmV3IjthOjA6e319fQ==',1763389865),('SzDz7kLZURf3Io1pBVUFXG4zxCA022j8ZrGsRF9V',NULL,'127.0.0.1','Go-http-client/1.1','YToyOntzOjY6Il90b2tlbiI7czo0MDoiV3N1eE1DVDVFQnA1UXlXMzd0dlFWV1lBVTBOd0JZRnk4MzM0elUxOCI7czo2OiJfZmxhc2giO2E6Mjp7czozOiJvbGQiO2E6MDp7fXM6MzoibmV3IjthOjA6e319fQ==',1763389681),('TDwmd0iMlovisus3wac54cEEyPfFTZmeLegvjvrz',NULL,'127.0.0.1','Go-http-client/1.1','YToyOntzOjY6Il90b2tlbiI7czo0MDoic250eUxTWUV0eWlOcUZ6aWVGck9zaExVSGhjdHpiWlhSSHo3VGJESCI7czo2OiJfZmxhc2giO2E6Mjp7czozOiJvbGQiO2E6MDp7fXM6MzoibmV3IjthOjA6e319fQ==',1763389633),('TfFzhNqxjqnT9deBSMipbIK3vOTil9SIHX1STTV7',NULL,'127.0.0.1','Go-http-client/1.1','YToyOntzOjY6Il90b2tlbiI7czo0MDoiMUpqbHlCYWN5R2Rkanp5RzFpdmxVMWxRYlg2ZlJsNUVyUTFFNXpONSI7czo2OiJfZmxhc2giO2E6Mjp7czozOiJvbGQiO2E6MDp7fXM6MzoibmV3IjthOjA6e319fQ==',1763389471),('TiQ4UOLNXSDxvyJOtwvameT4utKAfst3Pb7k1dHa',NULL,'127.0.0.1','Go-http-client/1.1','YToyOntzOjY6Il90b2tlbiI7czo0MDoiMzA4eDhON0s3T29rUmE2THc5alNvcFVmc2xjYkJxODJXNFltYm9oNyI7czo2OiJfZmxhc2giO2E6Mjp7czozOiJvbGQiO2E6MDp7fXM6MzoibmV3IjthOjA6e319fQ==',1763389427),('tJpp8R2NTsEfzmgF5SoHNLwG5t1Nhb6KM4ysMfaW',NULL,'127.0.0.1','Go-http-client/1.1','YToyOntzOjY6Il90b2tlbiI7czo0MDoicFB4SWtsMUtUUjNUSll3Z05rb3ZWelRXbFlPQmhoZWFkMjl1N1lRYiI7czo2OiJfZmxhc2giO2E6Mjp7czozOiJvbGQiO2E6MDp7fXM6MzoibmV3IjthOjA6e319fQ==',1763389548),('TOvEsIregpgPA5OTjUvZomwaUmFfFHlFCigVSBRn',NULL,'127.0.0.1','Go-http-client/1.1','YToyOntzOjY6Il90b2tlbiI7czo0MDoiVThoa0l3dmY3VmtCUEZqV3VrdDdMeThtREE2SEJ6NjVjMTdEOW5sOCI7czo2OiJfZmxhc2giO2E6Mjp7czozOiJvbGQiO2E6MDp7fXM6MzoibmV3IjthOjA6e319fQ==',1763389396),('tPmRzuwdj3oPObnn3cXhtzwUSXepazIoa5dNaqKL',NULL,'127.0.0.1','Go-http-client/1.1','YToyOntzOjY6Il90b2tlbiI7czo0MDoieEFiemJLQVZBWGNiRk01S0FyZDlhbkhST0VYemtmeElVNFR0ZDQzYiI7czo2OiJfZmxhc2giO2E6Mjp7czozOiJvbGQiO2E6MDp7fXM6MzoibmV3IjthOjA6e319fQ==',1763389845),('tPuQDZp8W7VjClS4Ac5ehoCMzudkAIlYYujD6pgw',NULL,'127.0.0.1','Go-http-client/1.1','YToyOntzOjY6Il90b2tlbiI7czo0MDoiSnJjMVpQeDdrOGk1a1IwbkJiQmVJd2JxMjZCOVR3MURrQVFlaDloRiI7czo2OiJfZmxhc2giO2E6Mjp7czozOiJvbGQiO2E6MDp7fXM6MzoibmV3IjthOjA6e319fQ==',1763389585),('U50iCLKUOrXhEbxG7h5vxO3ye9LMeBfe7ABeJ70n',NULL,'127.0.0.1','Go-http-client/2.0','YTozOntzOjY6Il90b2tlbiI7czo0MDoiZ3hQNjRXVmg2R0Z6bFZjdDRVYmlBcW1IeGMzQWl5ZTB4QUs3VUpjVSI7czo5OiJfcHJldmlvdXMiO2E6Mjp7czozOiJ1cmwiO3M6Mjg6Imh0dHA6Ly9kYXl5ZWxoYS5vbnJlbmRlci5jb20iO3M6NToicm91dGUiO047fXM6NjoiX2ZsYXNoIjthOjI6e3M6Mzoib2xkIjthOjA6e31zOjM6Im5ldyI7YTowOnt9fX0=',1763380016),('uFCTruYbVjF1hW9vwx3kYS5IU3E2fz7wwmMAmUYt',NULL,'127.0.0.1','Go-http-client/1.1','YToyOntzOjY6Il90b2tlbiI7czo0MDoibkFHTTBoSjVoR1RKaTNKY0VJaWhEZlBOSlBmZDl1b0FWTW9YYnAyNSI7czo2OiJfZmxhc2giO2E6Mjp7czozOiJvbGQiO2E6MDp7fXM6MzoibmV3IjthOjA6e319fQ==',1763389888),('UosNI8ObV5tq0tFJC3bmOosVd8ZDQEhAzM2sygnJ',NULL,'127.0.0.1','Go-http-client/1.1','YToyOntzOjY6Il90b2tlbiI7czo0MDoibnZ5TDJqTGJ4R2p3a2E5RkhhNXhPdkV2bzFMemZhNXFUZzNJYjBaZyI7czo2OiJfZmxhc2giO2E6Mjp7czozOiJvbGQiO2E6MDp7fXM6MzoibmV3IjthOjA6e319fQ==',1763389399),('UpGGMH04t11dD3o2YachS6GiI3dGlh1TTmnyxffu',NULL,'127.0.0.1','Go-http-client/1.1','YToyOntzOjY6Il90b2tlbiI7czo0MDoib2Q1MHIwQVhMZjJBaHBudTJ3MTF2dDlaRUtydWgyVHFGdVdrbTVDOSI7czo2OiJfZmxhc2giO2E6Mjp7czozOiJvbGQiO2E6MDp7fXM6MzoibmV3IjthOjA6e319fQ==',1763389924),('v2niAP64DnPrg3lnZfETNG0zwkdHocyv2hxXGDhv',NULL,'127.0.0.1','Go-http-client/1.1','YToyOntzOjY6Il90b2tlbiI7czo0MDoiUlVWTVFXYW1xajRZZzNsZHZEWWQ1WDZCbUJpOEJQd050M0hiMUJaTCI7czo2OiJfZmxhc2giO2E6Mjp7czozOiJvbGQiO2E6MDp7fXM6MzoibmV3IjthOjA6e319fQ==',1763297769),('v4oF1cmjf7zcPwdiaXUYzvd9znlUzhQNIdxWNWA8',NULL,'127.0.0.1','Go-http-client/1.1','YToyOntzOjY6Il90b2tlbiI7czo0MDoiSHhiMzRuNmV1bTlQSjhYeUhoNjlXS2dOV3I5OUZIZmpJUkY3NXJ1SiI7czo2OiJfZmxhc2giO2E6Mjp7czozOiJvbGQiO2E6MDp7fXM6MzoibmV3IjthOjA6e319fQ==',1763389804),('VbkqEmEoXOGTLwD0z5qom8WPHbEWsmVZuMaDv2Vl',NULL,'127.0.0.1','Go-http-client/1.1','YToyOntzOjY6Il90b2tlbiI7czo0MDoiOXp0OHVNWXZaWHB0eHRERDhya3FUQlpHMVlvWFk2a0p6Z1ZRTjR1OCI7czo2OiJfZmxhc2giO2E6Mjp7czozOiJvbGQiO2E6MDp7fXM6MzoibmV3IjthOjA6e319fQ==',1763389949),('vf1Vin6ZgAHuwhLhxjZQMDsaulDjOebfL7hidyye',NULL,'127.0.0.1','Go-http-client/1.1','YToyOntzOjY6Il90b2tlbiI7czo0MDoiQUhaUnZpajl2MjMxa2FlU1k2YUxxY3Q4bE9CTjNseVhCWFRTYVB5dSI7czo2OiJfZmxhc2giO2E6Mjp7czozOiJvbGQiO2E6MDp7fXM6MzoibmV3IjthOjA6e319fQ==',1763389765),('vFE1la5AslnAJlGe5Oq891ZiHH26kv1Um18apnnT',NULL,'127.0.0.1','Go-http-client/1.1','YToyOntzOjY6Il90b2tlbiI7czo0MDoiRTRDbGF4T1R0d1o2a2k5dUNEZE1SeENyMnVGNDRKbmRUcTJIZndtcSI7czo2OiJfZmxhc2giO2E6Mjp7czozOiJvbGQiO2E6MDp7fXM6MzoibmV3IjthOjA6e319fQ==',1763389913),('VosmtaXX7K6iFouSIZekFTC1IIUqoEBhKpX4pffd',NULL,'127.0.0.1','Go-http-client/2.0','YTozOntzOjY6Il90b2tlbiI7czo0MDoiRVNuU0R4dVk1b1ZJc0RSUXptY2hxQXM5YUVCaW84MW1hOElxMFdnUyI7czo5OiJfcHJldmlvdXMiO2E6Mjp7czozOiJ1cmwiO3M6Mjg6Imh0dHA6Ly9kYXl5ZWxoYS5vbnJlbmRlci5jb20iO3M6NToicm91dGUiO047fXM6NjoiX2ZsYXNoIjthOjI6e3M6Mzoib2xkIjthOjA6e31zOjM6Im5ldyI7YTowOnt9fX0=',1763389286),('vRAARVDEw3DWDicglm3KhWjJLjBkM4ftDWQXWR1h',NULL,'127.0.0.1','Go-http-client/1.1','YToyOntzOjY6Il90b2tlbiI7czo0MDoiN0NPWGlUWlAyZlJaVVZCbEYxUndOQ3hsRGlLdHdEcjhmSDlOd2dJZCI7czo2OiJfZmxhc2giO2E6Mjp7czozOiJvbGQiO2E6MDp7fXM6MzoibmV3IjthOjA6e319fQ==',1763389666),('vrDdz5EMVppGUSF1SDRbEPhbRztfAMtIQelL0oHh',NULL,'127.0.0.1','Go-http-client/1.1','YToyOntzOjY6Il90b2tlbiI7czo0MDoiRUFFNUdMZjBxUzN2ZXBFWnNwMmNQcUVBWTdmSWR4ZnA0bThVWXNDVSI7czo2OiJfZmxhc2giO2E6Mjp7czozOiJvbGQiO2E6MDp7fXM6MzoibmV3IjthOjA6e319fQ==',1763389878),('WaZ0PLcvjiR5mM8RmoJcYQB9KMuWeJWNPVBilWxY',NULL,'127.0.0.1','Go-http-client/1.1','YToyOntzOjY6Il90b2tlbiI7czo0MDoiOFNhTUYxSHE5ZXo3bnIwdTZ5a09LTXJYNHhwaGJMQlZzeUhBRFpNYyI7czo2OiJfZmxhc2giO2E6Mjp7czozOiJvbGQiO2E6MDp7fXM6MzoibmV3IjthOjA6e319fQ==',1763389403),('whXeCfM9BBoKv5lb3NdtzzB3hQR7qfYjVgsZbcfK',NULL,'127.0.0.1','Go-http-client/1.1','YToyOntzOjY6Il90b2tlbiI7czo0MDoibWJLV0dza2tjWEVMeDZrZTNoV0NNb0N4VEswU1VFaXVod1I4SFM2cyI7czo2OiJfZmxhc2giO2E6Mjp7czozOiJvbGQiO2E6MDp7fXM6MzoibmV3IjthOjA6e319fQ==',1763389772),('WjeRMUw4IDLBbQbsI1rifWLEhF3Z1cd7adXmY8Ua',NULL,'127.0.0.1','Go-http-client/1.1','YToyOntzOjY6Il90b2tlbiI7czo0MDoiZHJoYlJxYlp2bzRLUTlhMjlVUEgwaWZnampiM3lXak5hWlpOOVcwbyI7czo2OiJfZmxhc2giO2E6Mjp7czozOiJvbGQiO2E6MDp7fXM6MzoibmV3IjthOjA6e319fQ==',1763389857),('WWxYw4tw5NxBJ2eT3uHlf2IrcnbgfVXs6vYvR11U',NULL,'127.0.0.1','Go-http-client/1.1','YToyOntzOjY6Il90b2tlbiI7czo0MDoieUxXbzhyS054OG53TXNCeTl2aWxSc29GTm4wOWVCRDZHVk5xZ1hHSyI7czo2OiJfZmxhc2giO2E6Mjp7czozOiJvbGQiO2E6MDp7fXM6MzoibmV3IjthOjA6e319fQ==',1763389390),('WY1C9bWgeoK81nOBwSeAJH21UezxDyL090I0Tp81',NULL,'127.0.0.1','Go-http-client/1.1','YToyOntzOjY6Il90b2tlbiI7czo0MDoiNGhkSnpBalpPNUNrbVQyd0Q1cjRXNDBiVUpFcGtlbHBmdTZUWFNsTSI7czo2OiJfZmxhc2giO2E6Mjp7czozOiJvbGQiO2E6MDp7fXM6MzoibmV3IjthOjA6e319fQ==',1763389848),('x1un3R2PrrIgtxWQU8AJfpg39w8gBBNBDsfjHcJQ',NULL,'127.0.0.1','Go-http-client/1.1','YToyOntzOjY6Il90b2tlbiI7czo0MDoicXppQ3FSdW83R1FVR0RXdDBkYmk2RUxhbzJmVUswbkhXREUwdXZnbCI7czo2OiJfZmxhc2giO2E6Mjp7czozOiJvbGQiO2E6MDp7fXM6MzoibmV3IjthOjA6e319fQ==',1763389641),('XaeDwlNiNSnFlchJK0u85WGVkZXSHdpPra2DCi5t',NULL,'127.0.0.1','Go-http-client/1.1','YToyOntzOjY6Il90b2tlbiI7czo0MDoieWZIR0hVNDhwUWppUE9UVk1IVGZPQW9jclpmMHVKZWZIbzZnY2VhRSI7czo2OiJfZmxhc2giO2E6Mjp7czozOiJvbGQiO2E6MDp7fXM6MzoibmV3IjthOjA6e319fQ==',1763389307),('XkovYnBHITZWOuwN4oQovLAs7GBbrfkOQlfwX3lb',NULL,'127.0.0.1','Go-http-client/1.1','YToyOntzOjY6Il90b2tlbiI7czo0MDoiSGl5bFM3d3IzdmtVR1NJQVptREVXMmNMcVNrTmtEbWxYVnhiMEZ0MyI7czo2OiJfZmxhc2giO2E6Mjp7czozOiJvbGQiO2E6MDp7fXM6MzoibmV3IjthOjA6e319fQ==',1763389699),('xMlIS4jb8O1jdpRpOAvtmSb2poJAlpiXz3v6BwB6',NULL,'127.0.0.1','Go-http-client/1.1','YToyOntzOjY6Il90b2tlbiI7czo0MDoiOXZRZm5MZEtaZHpITG5Vd3BJZ1RtalNGQmJmck43MlNZUE5yQ05HYiI7czo2OiJfZmxhc2giO2E6Mjp7czozOiJvbGQiO2E6MDp7fXM6MzoibmV3IjthOjA6e319fQ==',1763389451),('xu30I5Mnd94fdNuKmlX9veQ5SvWd6b7xuUODTSXV',NULL,'127.0.0.1','Go-http-client/1.1','YToyOntzOjY6Il90b2tlbiI7czo0MDoia1RjRVJwdGhGNElaSzh6d1J5T1U1ODNJRU55d09oa0E5Q2xRU282RSI7czo2OiJfZmxhc2giO2E6Mjp7czozOiJvbGQiO2E6MDp7fXM6MzoibmV3IjthOjA6e319fQ==',1763389455),('XWN8UdLCFEkJbRt4xfFdo2nEncwQ4kHyYRGKL1Px',NULL,'127.0.0.1','Go-http-client/1.1','YToyOntzOjY6Il90b2tlbiI7czo0MDoid0VmYkVSUWV3MWNYRmF3d0pVTkxYMjY1bVNtdGVQeFQ2c2VXaklrbCI7czo2OiJfZmxhc2giO2E6Mjp7czozOiJvbGQiO2E6MDp7fXM6MzoibmV3IjthOjA6e319fQ==',1763389555),('Y7mVrN8Py7TjXtbZOAK1QJSwoGdRl5b4ezpFquuX',NULL,'127.0.0.1','Go-http-client/1.1','YToyOntzOjY6Il90b2tlbiI7czo0MDoidUdoTlZSSHFhVkZIazVlZWhhaVpkMFdaU2FmdHo3VTBURXdlaDlXeCI7czo2OiJfZmxhc2giO2E6Mjp7czozOiJvbGQiO2E6MDp7fXM6MzoibmV3IjthOjA6e319fQ==',1763389952),('Y834FkbciaHrH64CqNRbcOu8a0yJMbq6LRRlnFSU',NULL,'127.0.0.1','Go-http-client/1.1','YToyOntzOjY6Il90b2tlbiI7czo0MDoiNXBMbGgzcVhNQjFQWmJUcG9IUGkyWUlsOUp3aXdZUFVhOTlaRHBQMCI7czo2OiJfZmxhc2giO2E6Mjp7czozOiJvbGQiO2E6MDp7fXM6MzoibmV3IjthOjA6e319fQ==',1763389782),('YCtkN7JDzy8rhnsIfZgAN66iHjbqLIVxUv8f8LHg',NULL,'127.0.0.1','Go-http-client/2.0','YTozOntzOjY6Il90b2tlbiI7czo0MDoiMG50U1ozc3NTVEdERWtFR0dpbmo0UFN5dURCSjhSWW9idzhpT3poeiI7czo5OiJfcHJldmlvdXMiO2E6Mjp7czozOiJ1cmwiO3M6Mjg6Imh0dHA6Ly9kYXl5ZWxoYS5vbnJlbmRlci5jb20iO3M6NToicm91dGUiO047fXM6NjoiX2ZsYXNoIjthOjI6e3M6Mzoib2xkIjthOjA6e31zOjM6Im5ldyI7YTowOnt9fX0=',1763298882),('yfHDKFx74HwWcCdFb6DsD3KRS75tewAxZVzFmlVM',NULL,'127.0.0.1','Go-http-client/1.1','YToyOntzOjY6Il90b2tlbiI7czo0MDoiNHBGWm5xdlAzMGdyRjh2OTQzUzFPNUVNeHUzVnhmUUlKODZqazYwWSI7czo2OiJfZmxhc2giO2E6Mjp7czozOiJvbGQiO2E6MDp7fXM6MzoibmV3IjthOjA6e319fQ==',1763389851),('YOioRBkgBdquwcUNp0KhahmwDIRa5OR3Mxquc0G0',NULL,'127.0.0.1','Go-http-client/1.1','YToyOntzOjY6Il90b2tlbiI7czo0MDoiMjdtbW5oMW1uTm81UjFEdTl6bFFUZVVjdFpOZlFKOVVWbXFWSDRPNCI7czo2OiJfZmxhc2giO2E6Mjp7czozOiJvbGQiO2E6MDp7fXM6MzoibmV3IjthOjA6e319fQ==',1763389481),('yxdB1jrH4lESPJP2lPZfdHGLeMibs22WWQ4qlRHY',NULL,'127.0.0.1','Go-http-client/1.1','YToyOntzOjY6Il90b2tlbiI7czo0MDoibU1vbXFaZTk5amdwSDNhR0dMZnFZTTFPSjduaGNseTEzT2hwQk9odSI7czo2OiJfZmxhc2giO2E6Mjp7czozOiJvbGQiO2E6MDp7fXM6MzoibmV3IjthOjA6e319fQ==',1763389448),('yxXzNDeVmccKT6GHBsw8wtPYCIGtAhxQlOLY6pRZ',NULL,'127.0.0.1','Go-http-client/1.1','YToyOntzOjY6Il90b2tlbiI7czo0MDoiWTVJU1YzQlZIc0VDdGdiMk9TN3FXaGpYdTh5SVZPN2xHWVVoT3dQUSI7czo2OiJfZmxhc2giO2E6Mjp7czozOiJvbGQiO2E6MDp7fXM6MzoibmV3IjthOjA6e319fQ==',1763389960),('z2d4m3wk57ysxGlqEwFxkv5qNHquCeqFEd8WUirE',NULL,'127.0.0.1','Go-http-client/1.1','YToyOntzOjY6Il90b2tlbiI7czo0MDoib1czQTZCdUdqd201TmpTaE1yNFJ2V2QzOG1BNWdraXk0d293TXhteiI7czo2OiJfZmxhc2giO2E6Mjp7czozOiJvbGQiO2E6MDp7fXM6MzoibmV3IjthOjA6e319fQ==',1763389582),('z7dTYc7sS21xkoQbOBBvU0Y1nfOyRaajrah3hqKo',NULL,'127.0.0.1','Go-http-client/1.1','YToyOntzOjY6Il90b2tlbiI7czo0MDoiTUc3ek0xQUhXMnIzTTVIWkxwemFqOUVtb2tTZHdtUTNOemo4eGJHYiI7czo2OiJfZmxhc2giO2E6Mjp7czozOiJvbGQiO2E6MDp7fXM6MzoibmV3IjthOjA6e319fQ==',1763389468),('zFsgQ9bXWTy9xjkNK9NLsx9weHPJ70m2P4v5evHx',NULL,'127.0.0.1','Go-http-client/1.1','YToyOntzOjY6Il90b2tlbiI7czo0MDoiTUlyUjJvNFlvM00xMWJGR0VGdGJUTVJ4UVduaE5VcngyQUYzd3BVbSI7czo2OiJfZmxhc2giO2E6Mjp7czozOiJvbGQiO2E6MDp7fXM6MzoibmV3IjthOjA6e319fQ==',1763297766),('zFXV1x0GOWRITFgckc6dllEIBHTH0QGGGq5s1CPr',NULL,'127.0.0.1','Go-http-client/1.1','YToyOntzOjY6Il90b2tlbiI7czo0MDoiUURWR0NpSHk4SFZWY2pMajc5aHpBMURYVHpJaDh5bXFaZllYVlp4WiI7czo2OiJfZmxhc2giO2E6Mjp7czozOiJvbGQiO2E6MDp7fXM6MzoibmV3IjthOjA6e319fQ==',1763389720),('zONmcYr441jjIbKXKmggXKHCURTY78VOFFNEAFta',NULL,'127.0.0.1','Go-http-client/1.1','YToyOntzOjY6Il90b2tlbiI7czo0MDoiUGRtbFNhN1JFWGR3RnFLVjJKbGtPOG9TaXRsMFpMZVByUXBzTXRGaCI7czo2OiJfZmxhc2giO2E6Mjp7czozOiJvbGQiO2E6MDp7fXM6MzoibmV3IjthOjA6e319fQ==',1763389917),('ZZ1U7QNd4BPG9lEegljByQYlOJbpzyguCaR4jAZx',NULL,'127.0.0.1','Go-http-client/1.1','YToyOntzOjY6Il90b2tlbiI7czo0MDoia3AxdHpzUGZBMUdmOW1Yd29rbTBvNUVSWkp0ZktrRHhoc2lZenAxSiI7czo2OiJfZmxhc2giO2E6Mjp7czozOiJvbGQiO2E6MDp7fXM6MzoibmV3IjthOjA6e319fQ==',1763389832);
/*!40000 ALTER TABLE `sessions` ENABLE KEYS */;
UNLOCK TABLES;

--
-- Table structure for table `user_ratings`
--

DROP TABLE IF EXISTS `user_ratings`;
/*!40101 SET @saved_cs_client     = @@character_set_client */;
/*!50503 SET character_set_client = utf8mb4 */;
CREATE TABLE `user_ratings` (
  `id` bigint unsigned NOT NULL AUTO_INCREMENT,
  `rater_id` bigint unsigned NOT NULL,
  `rated_id` bigint unsigned NOT NULL,
  `rating` tinyint unsigned NOT NULL,
  `message` text CHARACTER SET utf8mb4 COLLATE utf8mb4_unicode_ci,
  `created_at` timestamp NULL DEFAULT NULL,
  `updated_at` timestamp NULL DEFAULT NULL,
  PRIMARY KEY (`id`),
  UNIQUE KEY `user_ratings_rater_id_rated_id_unique` (`rater_id`,`rated_id`),
  KEY `user_ratings_rated_id_foreign` (`rated_id`),
  CONSTRAINT `user_ratings_rated_id_foreign` FOREIGN KEY (`rated_id`) REFERENCES `users` (`id`) ON DELETE CASCADE,
  CONSTRAINT `user_ratings_rater_id_foreign` FOREIGN KEY (`rater_id`) REFERENCES `users` (`id`) ON DELETE CASCADE
) ENGINE=InnoDB AUTO_INCREMENT=4 DEFAULT CHARSET=utf8mb4 COLLATE=utf8mb4_unicode_ci;
/*!40101 SET character_set_client = @saved_cs_client */;

--
-- Dumping data for table `user_ratings`
--

LOCK TABLES `user_ratings` WRITE;
/*!40000 ALTER TABLE `user_ratings` DISABLE KEYS */;
INSERT INTO `user_ratings` VALUES (2,5,1,4,'This user was very helpful!','2025-10-10 08:58:56','2025-10-10 08:59:30'),(3,1,4,5,'جيد','2025-10-21 17:36:04','2025-10-25 15:04:57');
/*!40000 ALTER TABLE `user_ratings` ENABLE KEYS */;
UNLOCK TABLES;

--
-- Table structure for table `user_reports`
--

DROP TABLE IF EXISTS `user_reports`;
/*!40101 SET @saved_cs_client     = @@character_set_client */;
/*!50503 SET character_set_client = utf8mb4 */;
CREATE TABLE `user_reports` (
  `id` bigint unsigned NOT NULL AUTO_INCREMENT,
  `reporter_id` bigint unsigned NOT NULL,
  `reported_id` bigint unsigned NOT NULL,
  `reason` varchar(255) COLLATE utf8mb4_unicode_ci NOT NULL,
  `description` text COLLATE utf8mb4_unicode_ci NOT NULL,
  `status` enum('pending','approved','dismissed') COLLATE utf8mb4_unicode_ci NOT NULL DEFAULT 'pending',
  `review_note` text COLLATE utf8mb4_unicode_ci,
  `created_at` timestamp NULL DEFAULT NULL,
  `updated_at` timestamp NULL DEFAULT NULL,
  `reviewed_by` bigint unsigned DEFAULT NULL,
  `reviewed_at` timestamp NULL DEFAULT NULL,
  PRIMARY KEY (`id`),
  KEY `user_reports_reporter_id_foreign` (`reporter_id`),
  KEY `user_reports_reported_id_foreign` (`reported_id`),
  KEY `user_reports_reviewed_by_foreign` (`reviewed_by`),
  CONSTRAINT `user_reports_reported_id_foreign` FOREIGN KEY (`reported_id`) REFERENCES `users` (`id`) ON DELETE CASCADE,
  CONSTRAINT `user_reports_reporter_id_foreign` FOREIGN KEY (`reporter_id`) REFERENCES `users` (`id`) ON DELETE CASCADE,
  CONSTRAINT `user_reports_reviewed_by_foreign` FOREIGN KEY (`reviewed_by`) REFERENCES `users` (`id`)
) ENGINE=InnoDB DEFAULT CHARSET=utf8mb4 COLLATE=utf8mb4_unicode_ci;
/*!40101 SET character_set_client = @saved_cs_client */;

--
-- Dumping data for table `user_reports`
--

LOCK TABLES `user_reports` WRITE;
/*!40000 ALTER TABLE `user_reports` DISABLE KEYS */;
/*!40000 ALTER TABLE `user_reports` ENABLE KEYS */;
UNLOCK TABLES;

--
-- Table structure for table `user_strikes`
--

DROP TABLE IF EXISTS `user_strikes`;
/*!40101 SET @saved_cs_client     = @@character_set_client */;
/*!50503 SET character_set_client = utf8mb4 */;
CREATE TABLE `user_strikes` (
  `id` bigint unsigned NOT NULL AUTO_INCREMENT,
  `user_id` bigint unsigned NOT NULL COMMENT 'The user receiving the strike',
  `report_id` bigint unsigned DEFAULT NULL COMMENT 'The report that caused this strike',
  `admin_id` bigint unsigned NOT NULL COMMENT 'The admin who confirmed the report/strike',
  `reason` varchar(255) COLLATE utf8mb4_unicode_ci NOT NULL COMMENT 'A short summary of why the strike was given',
  `created_at` timestamp NULL DEFAULT NULL,
  `updated_at` timestamp NULL DEFAULT NULL,
  PRIMARY KEY (`id`),
  KEY `user_strikes_user_id_foreign` (`user_id`),
  KEY `user_strikes_report_id_foreign` (`report_id`),
  KEY `user_strikes_admin_id_foreign` (`admin_id`),
  CONSTRAINT `user_strikes_admin_id_foreign` FOREIGN KEY (`admin_id`) REFERENCES `users` (`id`) ON DELETE CASCADE,
  CONSTRAINT `user_strikes_report_id_foreign` FOREIGN KEY (`report_id`) REFERENCES `user_reports` (`id`) ON DELETE SET NULL,
  CONSTRAINT `user_strikes_user_id_foreign` FOREIGN KEY (`user_id`) REFERENCES `users` (`id`) ON DELETE CASCADE
) ENGINE=InnoDB DEFAULT CHARSET=utf8mb4 COLLATE=utf8mb4_unicode_ci;
/*!40101 SET character_set_client = @saved_cs_client */;

--
-- Dumping data for table `user_strikes`
--

LOCK TABLES `user_strikes` WRITE;
/*!40000 ALTER TABLE `user_strikes` DISABLE KEYS */;
/*!40000 ALTER TABLE `user_strikes` ENABLE KEYS */;
UNLOCK TABLES;

--
-- Table structure for table `users`
--

DROP TABLE IF EXISTS `users`;
/*!40101 SET @saved_cs_client     = @@character_set_client */;
/*!50503 SET character_set_client = utf8mb4 */;
CREATE TABLE `users` (
  `id` bigint unsigned NOT NULL AUTO_INCREMENT,
  `fname` varchar(255) CHARACTER SET utf8mb4 COLLATE utf8mb4_unicode_ci NOT NULL,
  `lname` varchar(255) CHARACTER SET utf8mb4 COLLATE utf8mb4_unicode_ci NOT NULL,
  `name_last_updated_at` timestamp NULL DEFAULT NULL,
  `email` varchar(255) CHARACTER SET utf8mb4 COLLATE utf8mb4_unicode_ci DEFAULT NULL,
  `pending_email` varchar(255) CHARACTER SET utf8mb4 COLLATE utf8mb4_unicode_ci DEFAULT NULL,
  `pending_email_verification_code` varchar(255) CHARACTER SET utf8mb4 COLLATE utf8mb4_unicode_ci DEFAULT NULL,
  `pending_email_expires_at` timestamp NULL DEFAULT NULL,
  `email_verified_at` timestamp NULL DEFAULT NULL,
  `verification_code` varchar(6) CHARACTER SET utf8mb4 COLLATE utf8mb4_unicode_ci DEFAULT NULL,
  `verification_code_expires_at` timestamp NULL DEFAULT NULL,
  `phone` varchar(255) CHARACTER SET utf8mb4 COLLATE utf8mb4_unicode_ci DEFAULT NULL,
  `password` varchar(255) CHARACTER SET utf8mb4 COLLATE utf8mb4_unicode_ci NOT NULL,
  `admin` tinyint(1) NOT NULL,
  `review` decimal(8,2) NOT NULL,
  `total_view` int NOT NULL,
  `strike_count` int unsigned NOT NULL DEFAULT '0',
  `banned_until` timestamp NULL DEFAULT NULL,
  `ads_num` int unsigned NOT NULL DEFAULT '0',
  `remember_token` varchar(100) CHARACTER SET utf8mb4 COLLATE utf8mb4_unicode_ci DEFAULT NULL,
  `created_at` timestamp NULL DEFAULT NULL,
  `updated_at` timestamp NULL DEFAULT NULL,
  PRIMARY KEY (`id`),
  UNIQUE KEY `users_email_unique` (`email`),
  UNIQUE KEY `users_phone_unique` (`phone`)
) ENGINE=InnoDB AUTO_INCREMENT=20 DEFAULT CHARSET=utf8mb4 COLLATE=utf8mb4_unicode_ci;
/*!40101 SET character_set_client = @saved_cs_client */;

--
-- Dumping data for table `users`
--

LOCK TABLES `users` WRITE;
/*!40000 ALTER TABLE `users` DISABLE KEYS */;
INSERT INTO `users` VALUES (1,'AbdAlRahman','Monjed','2025-11-16 13:19:37','mnabood82@gmail.com',NULL,NULL,NULL,'2025-10-09 16:24:01','336977','2025-11-05 15:55:43',NULL,'y2/VXuxHCBd.oMolsK7Y2HDrZyYXTvTMq0FqDDncrWy',1,3.50,0,0,NULL,8,NULL,'2025-10-09 16:23:26','2025-11-16 13:19:37'),(4,'mohammad','monajjed',NULL,'monajjedmohammed0@gmail.com',NULL,NULL,NULL,'2025-10-10 08:41:06',NULL,NULL,NULL,'y2..QMuNoCFPfdPJoG9Tb3KHd6',0,5.00,0,0,NULL,0,NULL,'2025-10-10 08:40:22','2025-10-25 15:04:57'),(5,'AbdAlRahman','Monajjed',NULL,'kraimridasaeedschooles@gmail.com',NULL,NULL,NULL,'2025-10-10 08:58:15',NULL,NULL,NULL,'y2/5bE2XBYmdvxNuoSa6ikZlk.uVlDKesf6zOTiMNQxZHpa',1,0.00,0,0,NULL,0,NULL,'2025-10-10 08:57:37','2025-10-10 08:58:15'),(7,'عبد الرحمن','منجد',NULL,'migrant3211@gmail.com',NULL,NULL,NULL,'2025-10-24 14:30:36',NULL,NULL,NULL,'$2y$12$rgPooUFL4Ov47bs2h8ovn.UwJnKfUGwhu8JVmIAC.EI2vQrMGFeXO',0,0.00,0,0,NULL,1,NULL,'2025-10-24 14:06:41','2025-11-16 13:22:39'),(9,'render','test',NULL,'abohusam.ja.55@gmail.com',NULL,NULL,NULL,NULL,'497484','2025-11-11 16:55:54',NULL,'$2y$12$ePBtkCSzAZ8aVUal3isOLO91UygBzymxdTJiyzzt7mqfhYmVoLc8.',0,0.00,0,0,NULL,0,NULL,'2025-11-11 16:45:54','2025-11-11 16:45:54'),(10,'منهل','سرحان','2025-11-16 13:16:24','manhal.sarhan@gmail.com',NULL,NULL,NULL,'2025-11-15 14:21:21',NULL,NULL,NULL,'y2.SRmgLdXvGXrSHeP334eriZrdzg.yLvO5LxULpl2f72v6u',1,0.00,0,0,NULL,1,NULL,'2025-11-15 14:14:20','2025-11-16 13:16:24'),(11,'عاطف','غياض',NULL,'abohusam.ja.555@gmail.com',NULL,NULL,NULL,NULL,'291180','2025-11-15 14:27:52',NULL,'y2/HrN3xOKOFNkwbl1VbOhHFEies2Ng3/eg/CvQoXW0FkJensPMi',1,0.00,0,0,NULL,0,NULL,'2025-11-15 14:17:52','2025-11-15 14:17:52'),(13,'احمد','حلبية',NULL,'iyesweyes@gmail.com',NULL,NULL,NULL,'2025-11-15 14:31:56',NULL,NULL,NULL,'$2y$12$9bdxGOn0njmbNpK1BvvXy.XRTwjNpKQCPfZz0O1fd7NfiZYDTaYna',0,0.00,0,0,NULL,0,NULL,'2025-11-15 14:30:52','2025-11-15 14:31:57'),(17,'Atef','Ghayad',NULL,'trashbag001100@gmail.com',NULL,NULL,NULL,NULL,'810719','2025-11-17 13:53:49',NULL,'y2t004UNG70q3FQpWOfN1CeFPoqVLSlLZo75Ruj1BGzZcGh3S.aE6a',1,0.00,0,0,NULL,0,NULL,'2025-11-17 13:43:48','2025-11-17 13:43:49'),(18,'Manhal','Sarhan',NULL,'manhalsarhan@gmail.com',NULL,NULL,NULL,'2025-11-17 13:48:51',NULL,NULL,NULL,'$2y$12$xq.p2vFpvZNNiPQ7jI1vjeku.EnN..Vttjyn2FzFdO37tX4Ojrc1K',0,0.00,0,0,NULL,0,NULL,'2025-11-17 13:48:16','2025-11-17 13:48:51'),(19,'abood','mn',NULL,'testforadmin@gmail.com',NULL,NULL,NULL,'2025-11-17 14:07:21',NULL,NULL,NULL,'$2y$12$eyIAt/R/qIAHSMwrhIIul.O6fgFxBnYQi9q4v0lW9HSRnJ/eVb1/S',0,0.00,0,0,NULL,0,NULL,'2025-11-17 14:06:10','2025-11-17 14:07:22');
/*!40000 ALTER TABLE `users` ENABLE KEYS */;
UNLOCK TABLES;
/*!40103 SET TIME_ZONE=@OLD_TIME_ZONE */;

/*!40101 SET SQL_MODE=@OLD_SQL_MODE */;
/*!40014 SET FOREIGN_KEY_CHECKS=@OLD_FOREIGN_KEY_CHECKS */;
/*!40014 SET UNIQUE_CHECKS=@OLD_UNIQUE_CHECKS */;
/*!40101 SET CHARACTER_SET_CLIENT=@OLD_CHARACTER_SET_CLIENT */;
/*!40101 SET CHARACTER_SET_RESULTS=@OLD_CHARACTER_SET_RESULTS */;
/*!40101 SET COLLATION_CONNECTION=@OLD_COLLATION_CONNECTION */;
/*!40111 SET SQL_NOTES=@OLD_SQL_NOTES */;

-- Dump completed on 2025-11-22 15:44:48
